dt,observed,mercedes_level_7_1,mercedes_level_7_7,mercedes_level_7_15,mercedes_level_7_30
2018-08-08 07:00:00,1.36,,,,
2018-08-09 07:00:00,1.55,,,,
2018-08-10 07:00:00,2.05,,,,
2018-08-11 07:00:00,1.85,,,,
2018-08-12 07:00:00,1.95,,,,
2018-08-13 07:00:00,1.85,,,,
2018-08-14 07:00:00,1.91,,,,
2018-08-15 07:00:00,1.65,1.8909991881298995,,,
2018-08-16 07:00:00,1.94,1.7509969506461254,,,
2018-08-17 07:00:00,1.88,1.8216319136772703,,,
2018-08-18 07:00:00,1.5,1.8593186658252068,,,
2018-08-19 07:00:00,1.3,1.67054051077186,,,
2018-08-20 07:00:00,1.88,1.439543439993956,,,
2018-08-21 07:00:00,1.9,1.632104547673067,1.8978079126451703,,
2018-08-22 07:00:00,1.9,1.8092077277171477,1.8127843219714417,,
2018-08-23 07:00:00,2.08,1.8955516517264923,1.8739705018530934,,
2018-08-24 07:00:00,2.0,2.0125055933153573,1.8901781916042208,,
2018-08-25 07:00:00,2.05,2.0216213991029846,1.7602444276955722,,
2018-08-26 07:00:00,1.55,2.029672165000353,1.6217237877413486,,
2018-08-27 07:00:00,0.9,1.7599712153137348,1.7579045218974214,,
2018-08-28 07:00:00,0.89,1.2485314203982867,1.8560803599605442,,
2018-08-29 07:00:00,1.5,0.9746605021177834,1.9011909333844703,1.9090270464394048,
2018-08-30 07:00:00,1.5,1.2142082391684201,1.9745494016418117,1.8346818678042127,
2018-08-31 07:00:00,1.7,1.4238766996073877,1.9747086685792483,1.9020046687309535,
2018-09-01 07:00:00,2.67,1.6304237423452572,1.9893049767825224,1.9087762444875986,
2018-09-02 07:00:00,2.7,2.2375107231896028,1.8160980568871747,1.7873301530862713,
2018-09-03 07:00:00,3.02,2.602508283907077,1.5084737354473647,1.7017681582323825,
2018-09-04 07:00:00,3.52,2.9011421824015597,1.3698549911180782,1.857294448734949,
2018-09-05 07:00:00,3.1,3.285643611017874,1.5157663800590904,1.913819539311778,
2018-09-06 07:00:00,3.05,3.2274795642810514,1.6137141896873581,1.9085252237837018,
2018-09-07 07:00:00,3.2,3.0720797284751393,1.7217685660898392,1.9612246988485664,
2018-09-08 07:00:00,3.25,3.049830563342374,2.121509598023874,1.9544475399788577,
2018-09-09 07:00:00,3.3,3.0960050490171174,2.351435294359014,1.9649591781506628,
2018-09-10 07:00:00,3.37,3.15927733994141,2.575273826476474,1.8127848352435538,
2018-09-11 07:00:00,3.35,3.2305289811732805,2.892355597995394,1.600775148193486,
2018-09-12 07:00:00,3.4,3.25070401065535,2.8271830071703206,1.5606728347186614,
2018-09-13 07:00:00,3.45,3.272319761992517,2.7345301619475966,1.7204727233198631,1.67723605238241
2018-09-14 07:00:00,3.52,3.3085429675610745,2.7608862411407773,1.7640253089909537,1.6655219574692952
2018-09-15 07:00:00,3.56,3.366789603093231,2.8096952463924216,1.8134665862080739,1.6788693251921114
2018-09-16 07:00:00,3.02,3.4179790384672284,2.865354350979139,2.1426188124893772,1.6762309213391464
2018-09-17 07:00:00,2.22,3.128925357539325,2.9194573919035767,2.2534312151103757,1.6588034154799551
2018-09-18 07:00:00,1.83,2.4799336195727775,2.9223648150349506,2.3730014852985475,1.649442354930212
2018-09-19 07:00:00,1.89,1.9113376267746889,2.942538357306407,2.615416303340838,1.672743533506748
2018-09-20 07:00:00,1.98,1.7285654558612595,2.9760013111222006,2.4850699923238255,1.6751063758402698
2018-09-21 07:00:00,1.9,1.793336773987217,3.0238875613004756,2.409673155919101,1.6757198289987851
2018-09-22 07:00:00,1.49,1.8442177112010005,3.063415353614457,2.476536070340079,1.685940847603312
2018-09-23 07:00:00,1.3,1.6544574916540498,2.8191755096722724,2.525400552456901,1.6822956433196403
2018-09-24 07:00:00,1.75,1.4271055535602906,2.3455725730003323,2.543824612263312,1.6857979712239997
2018-09-25 07:00:00,2.15,1.5551701502643474,1.9965277408107998,2.5723538613513037,1.6624217452283354
2018-09-26 07:00:00,2.59,1.8942886926414986,1.9028499772209,2.572144786154569,1.6370846587467884
2018-09-27 07:00:00,3.05,2.33449787398493,1.9335257139906483,2.59119156450442,1.6325685198196465
2018-09-28 07:00:00,3.0,2.80748187060758,1.9330031918607204,2.6189490785507337,1.6515788026035092
2018-09-29 07:00:00,3.4,2.9952799933461063,1.7740993680589592,2.6554552374934564,1.6527073435463278
2018-09-30 07:00:00,3.7,3.2353899807457815,1.623008473224692,2.678666847456518,1.6612108408631698
2018-10-01 07:00:00,4.2,3.504246694426037,1.7118424713064564,2.439214745436897,1.7222485413030986
2018-10-02 07:00:00,4.3,3.908479803924482,1.9237907312440445,2.0799280156428552,1.7271440565634335
2018-10-03 07:00:00,4.3,4.162740121091783,2.207892321366186,1.9025422362504802,1.763035038846562
2018-10-04 07:00:00,4.29,4.232290494401071,2.533640331731288,1.910257198636378,1.8406592666419301
2018-10-05 07:00:00,4.25,4.198971335922295,2.6485132306299066,1.946543930564119,1.7736579357117717
2018-10-06 07:00:00,4.15,4.12243359320297,2.8499087320571896,1.919858734988961,1.773857285285484
2018-10-07 07:00:00,3.43,4.0162832229618175,3.0843442813050523,1.7835520785156558,1.7953734999480486
2018-10-08 07:00:00,3.0,3.5431675153170508,3.4371091619255294,1.7016461195560004,1.8021015959339848
2018-10-09 07:00:00,3.22,3.016500475754789,3.640108157817187,1.81987487040615,1.810408561119
2018-10-10 07:00:00,3.72,2.908097952795945,3.683360115092281,1.9828481419291404,1.821420595798792
2018-10-11 07:00:00,3.87,3.250680130579032,3.652476328563495,2.165251844000188,1.816659475363235
2018-10-12 07:00:00,3.92,3.5989013929067393,3.604939092866228,2.3774649791918847,1.8253003035698967
2018-10-13 07:00:00,3.9,3.7908175813530773,3.5332741405334933,2.3990327861840237,1.833758207637028
2018-10-14 07:00:00,3.83,3.8235874259080327,3.1445011195332033,2.5584370403610963,1.846281602648389
2018-10-15 07:00:00,3.95,3.7511990412009157,2.767592657125065,2.742288003076887,1.8533225985420103
2018-10-16 07:00:00,3.71,3.7594197516609906,2.7353893410969916,3.018845507080708,1.7723345676391895
2018-10-17 07:00:00,3.65,3.639900342544194,3.0164447473881824,3.1115588221058563,1.7076171035611705
2018-10-18 07:00:00,3.95,3.529100923598208,3.260703768548411,3.0962335232906657,1.684213593246222
2018-10-19 07:00:00,3.78,3.6523791529176073,3.370855062973528,3.083344944084349,1.6844812795419586
2018-10-20 07:00:00,3.85,3.6597754435416556,3.361723931926241,3.064798354876305,1.6873639061780412
2018-10-21 07:00:00,3.48,3.6847794185775617,3.298443067870315,3.0092804517104077,1.68132365128773
2018-10-22 07:00:00,2.93,3.481208371704003,3.3312122057392184,2.6436135248696404,1.6603488846985675
2018-10-23 07:00:00,2.39,3.031378664816762,3.23811250991629,2.394037645768381,1.6500762754685458
2018-10-24 07:00:00,1.65,2.4795277316083415,3.1585700887217705,2.4770804112502978,1.6667211585571615
2018-10-25 07:00:00,1.35,1.821737712896089,3.2789911643351872,2.744999765425074,1.688769198044561
2018-10-26 07:00:00,1.55,1.3816621791681103,3.2690577139938832,2.85932006549162,1.7207064315231462
2018-10-27 07:00:00,1.25,1.3602566339191764,3.286928778141665,2.8713806287270844,1.7674416370869455
2018-10-28 07:00:00,1.25,1.2908034814793754,3.107617236927522,2.859776227184943,1.761449001220085
2018-10-29 07:00:00,1.3,1.2679167855120426,2.756281037540516,2.8289658659276578,1.820083443283211
2018-10-30 07:00:00,1.45,1.295082472004552,2.378054211216512,2.883855637143534,1.8783330837389502
2018-10-31 07:00:00,1.69,1.398366950994983,1.9544859093772196,2.779431133305777,2.0414524293418084
2018-11-01 07:00:00,2.22,1.5858995623997176,1.690891496741344,2.720715360644642,2.0645682307727573
2018-11-02 07:00:00,2.4,1.9689700514868533,1.6719215281195092,2.867778399781065,2.0614613463380396
2018-11-03 07:00:00,1.85,2.277626102961732,1.5878531103209053,2.8229374336831485,2.0549644474454523
2018-11-04 07:00:00,1.25,2.104574770271252,1.5443246807388389,2.824487006197189,2.0381546090980733
2018-11-05 07:00:00,0.9,1.6063663928653962,1.5387451929353544,2.6561984126800873,2.000304283391439
2018-11-06 07:00:00,0.8,1.1317556738081227,1.586370638102737,2.3842425505829494,1.8246058043315632
2018-11-07 07:00:00,1.45,0.880394333861168,1.6956882960523973,2.1380403620696997,1.7737020789343134
2018-11-08 07:00:00,1.46,1.1535945167388924,1.9423207168890986,1.862983027845387,1.8027798953854528
2018-11-09 07:00:00,0.95,1.3842413410798526,2.136292025064086,1.7327002394778361,1.8974615769535201
2018-11-10 07:00:00,1.04,1.2294012726915091,2.001266684648041,1.7729190538131803,1.9285643677227062
2018-11-11 07:00:00,2.0,1.1343597143083213,1.6952359068732235,1.7025122280699074,1.9378722699680135
2018-11-12 07:00:00,1.5,1.5898544622133204,1.444324071054057,1.6746319033713726,1.9263470116897956
2018-11-13 07:00:00,1.8,1.6358942808110375,1.3214194209174372,1.6854371611287051,1.9063345378232643
2018-11-14 07:00:00,1.75,1.7528801117534731,1.4828970985897845,1.7312954127135802,1.9442192926352297
2018-11-15 07:00:00,1.73,1.7802325877741665,1.5874810561893138,1.8097566331376163,1.8787643472291928
2018-11-16 07:00:00,1.55,1.7627322691007887,1.4606201431331085,1.9921820422356122,1.870819815870524
2018-11-17 07:00:00,1.83,1.64560902986262,1.4075708377263927,2.1003579976335165,1.951811297523413
2018-11-18 07:00:00,1.55,1.723361314820546,1.7001425948304576,1.9265218109135274,1.8956702334100202
2018-11-19 07:00:00,1.55,1.6465875936583783,1.7050531107258056,1.705157572017825,1.919073612411287
2018-11-20 07:00:00,1.31,1.58498866825732,1.7887362182899849,1.5832309461313643,1.8351698516837152
2018-11-21 07:00:00,0.89,1.4327533083947885,1.8037268979953203,1.544301293778751,1.7646367108512646
2018-11-22 07:00:00,0.9,1.1316581301572952,1.796545655954985,1.7001933842242156,1.719848831533451
2018-11-23 07:00:00,2.13,0.9792284577260647,1.733739733517369,1.7459349531259756,1.6770764348231788
2018-11-24 07:00:00,2.1,1.573970468605386,1.8020569384825018,1.6059212083060488,1.6600535140647132
2018-11-25 07:00:00,1.75,1.970981908240978,1.7408181225964836,1.591859287000615,1.6638942452564753
2018-11-26 07:00:00,1.7,1.9449121346163967,1.708065453606591,1.8673200248790491,1.6495171706611165
2018-11-27 07:00:00,1.48,1.8168813811155946,1.6117133165379984,1.8000145860794257,1.6458973765363927
2018-11-28 07:00:00,1.7,1.6077662717178696,1.431774831543643,1.8405952715071994,1.6457045198268068
2018-11-29 07:00:00,1.85,1.6142420898326841,1.3518560099234778,1.848940075484108,1.6503228757518857
2018-11-30 07:00:00,1.68,1.7384292319898729,1.7218882665692195,1.8457539437281372,1.6607954195039847
2018-12-01 07:00:00,1.4,1.7354308578887843,1.9383809430707784,1.7906090514964539,1.6900955472890982
2018-12-02 07:00:00,2.6,1.5612456734662423,1.892431007584352,1.8593161474690354,1.704327512961019
2018-12-03 07:00:00,1.83,2.086654149593639,1.8162500713992038,1.8004528971065092,1.674531550675097
2018-12-04 07:00:00,1.38,2.0364709344393854,1.7005441951424536,1.776978230116525,1.6496375536427872
2018-12-05 07:00:00,1.51,1.6793451610423553,1.733091682887074,1.7097521970481588,1.6355129843950995
2018-12-06 07:00:00,1.62,1.5177375008201799,1.8225890586556714,1.5855698994727287,1.6292587960065577
2018-12-07 07:00:00,1.75,1.5365626907721757,1.8023494758422447,1.5612193276984272,1.6486122236075345
2018-12-08 07:00:00,1.35,1.655291394949558,1.683242136494071,1.8984214408810418,1.6502559992498307
2018-12-09 07:00:00,1.1,1.5203190519265224,2.0532956848882145,1.9956287195596691,1.6320684264008178
2018-12-10 07:00:00,1.1,1.290116443591659,1.9790399686865534,1.8712946607104914,1.632712243877234
2018-12-11 07:00:00,0.95,1.1618173924869062,1.7481145907150057,1.823743496048912,1.6719112317675866
2018-12-12 07:00:00,1.05,1.0473414491178354,1.6730500318411545,1.7679646872262793,1.653152983187648
2018-12-13 07:00:00,1.6,1.0575393867335172,1.6932897624905547,1.8210137469901204,1.6667177468332586
2018-12-14 07:00:00,2.0,1.3694350208309922,1.7660723215068215,1.8810965995749906,1.666229983101566
2018-12-15 07:00:00,3.5,1.7778545179344802,1.669298540690487,1.8387006749096515,1.6658153514735032
2018-12-16 07:00:00,4.45,2.7935997572462274,1.5185517464184144,1.7415244283125018,1.6589073420508467
2018-12-17 07:00:00,4.8,3.906282507937537,1.4500955478818112,2.0967479900140527,1.6714895405932397
2018-12-18 07:00:00,5.34,4.6421149601157135,1.3852968849098177,1.9489071263847955,1.6592699952377856
2018-12-19 07:00:00,5.52,5.182263415374708,1.3894420398458935,1.741557973999406,1.6585569071848703
2018-12-20 07:00:00,5.26,5.439483075333734,1.5699386099773367,1.747423962833541,1.6486592726791074
2018-12-21 07:00:00,5.47,5.3052668626023864,1.8074535049193032,1.8020346351697936,1.6328966682690549
2018-12-22 07:00:00,5.4,5.252257365008466,2.528430054580087,1.848152464763788,1.6301892601779564
2018-12-23 07:00:00,4.88,5.187266463634768,3.4083818957481005,1.7335863839267214,1.679627888616997
2018-12-24 07:00:00,4.36,4.845511931515362,4.000614687573231,1.6374123238253597,1.6823782767491737
2018-12-25 07:00:00,3.95,4.32489217548894,4.466164769539665,1.6240993793059322,1.6664479259447755
2018-12-26 07:00:00,2.5,3.820877715603665,4.6708454488672535,1.5890078472287525,1.6649087808566827
2018-12-27 07:00:00,2.25,2.7799811949265316,4.512112399135524,1.601846974089931,1.6559200278176063
2018-12-28 07:00:00,2.0,2.114450284671884,4.507425510766917,1.7515437396235751,1.665045295771469
2018-12-29 07:00:00,2.25,1.802855807647366,4.467672558753393,1.9137125454761923,1.673287715381489
2018-12-30 07:00:00,1.8,1.9213550288088388,4.157950943280532,2.501354698065331,1.6652817993830542
2018-12-31 07:00:00,1.8,1.8359888283048695,3.7399299107029784,3.142883090748476,1.6529367613634522
2019-01-01 07:00:00,1.9,1.7795301870356124,3.377334693399671,3.4317744815268,1.7188567851332373
2019-01-02 07:00:00,1.7,1.8169319639685622,2.6020591470384753,3.731776246224669,1.6732752225558096
2019-01-03 07:00:00,1.7,1.746677918802398,2.2129725500949164,3.877392819675677,1.6539869956668456
2019-01-04 07:00:00,2.68,1.7040282273055196,2.0215673488655486,3.702852459469793,1.6575821607725545
2019-01-05 07:00:00,2.44,2.215684114139248,2.0769827484294576,3.7653211979587127,1.661598373391674
2019-01-06 07:00:00,2.37,2.423156535712783,1.9604019733728204,3.761142277701237,1.6674273322270854
2019-01-07 07:00:00,2.58,2.427875804655849,1.8887863343549849,3.435035606638832,1.6511559214437586
2019-01-08 07:00:00,3.3,2.4919457405830236,1.8873377639445137,3.0873409159633356,1.6399068482685686
2019-01-09 07:00:00,4.7,2.921989040409372,1.8276785185556321,2.8682758743158794,1.6378812039974495
2019-01-10 07:00:00,5.89,3.973141537452305,1.797180719516653,2.22811074713583,1.6319876701053346
2019-01-11 07:00:00,5.8,5.2510418635410225,2.153137592772926,2.040658503309857,1.6334888022661989
2019-01-12 07:00:00,5.0,5.816858163618092,2.258623112360288,1.9735213531345601,1.6532657892412674
2019-01-13 07:00:00,4.28,5.419321287512983,2.250997137450465,2.0458923599042778,1.6743029411399084
2019-01-14 07:00:00,4.1,4.548606995590831,2.3102740836112687,1.9094725803817205,1.8278582808854096
2019-01-15 07:00:00,4.3,3.9216812873400655,2.651565965434051,1.8669539462695266,2.163851886300507
2019-01-16 07:00:00,4.79,3.835882732570471,3.5414429941888534,1.902652392793798,2.3637519715887336
2019-01-17 07:00:00,5.75,4.234972960464081,4.698815823688602,1.85178270944864,3.120520671404297
2019-01-18 07:00:00,6.33,5.0892460236256785,5.083518398715868,1.8331927091118694,3.2751776805835875
2019-01-19 07:00:00,6.19,5.8941015380546276,4.548186781850249,2.15521311407335,2.795474667596713
2019-01-20 07:00:00,5.74,6.145199776294255,3.7789053137206694,2.163146503285673,3.2873449815694653
2019-01-21 07:00:00,5.67,5.8451578121812355,3.3944074218709193,2.102256818771217,3.081538156645501
2019-01-22 07:00:00,5.56,5.5149495886908575,3.4537845513887975,2.169623640109437,2.381587182469812
2019-01-23 07:00:00,5.35,5.281432463898726,3.838126044645196,2.4891444044727122,2.0650344587497114
2019-01-24 07:00:00,5.15,5.085417056291676,4.586505559321138,3.2592074452517354,1.9301226214611995
2019-01-25 07:00:00,4.95,4.9017923949615065,5.247895689633522,4.128547680920296,1.7310787311490496
2019-01-26 07:00:00,4.72,4.713387018016432,5.329360580824817,4.136289319462854,1.7128054487506843
2019-01-27 07:00:00,4.3,4.503285276695866,4.933390246022498,3.5118373317967055,1.6960506672508486
2019-01-28 07:00:00,4.2,4.171483224710728,4.6433605415690575,3.03193656710095,1.7079252686593902
2019-01-29 07:00:00,4.28,3.9578221471574024,4.49386527005227,2.9523829917974025,1.6801186476209822
2019-01-30 07:00:00,4.36,3.950714977075217,4.373698634425022,3.08287129121995,1.6763842770708826
2019-01-31 07:00:00,4.45,4.055388427220353,4.243841495385977,3.3643233229089775,1.6790203557396655
2019-02-01 07:00:00,4.55,4.189705539179419,4.095959699661308,3.9679507215334424,1.6685248849115675
2019-02-02 07:00:00,4.5,4.316928280187413,3.9302635062467384,4.410101901700459,1.667388820634846
2019-02-03 07:00:00,4.44,4.3408513967648314,3.6647742972761703,4.296114156606556,1.729069135157436
2019-02-04 07:00:00,4.4,4.290442848699527,3.520592625581755,3.9228894672255037,1.7107075404140566
2019-02-05 07:00:00,4.28,4.2255478524058345,3.5403630998584714,3.851638827356255,1.7076211198872528
2019-02-06 07:00:00,4.26,4.123175823182341,3.6290344948267874,3.83207533777922,1.7248109712794155
2019-02-07 07:00:00,4.06,4.06053786269517,3.7272658891455364,3.694384756095194,1.806818603317648
2019-02-08 07:00:00,3.18,3.9272975234418905,3.8148598729336762,3.5497076301607273,2.458969735498026
2019-02-09 07:00:00,2.4,3.3487202134603717,3.810245726478486,3.437381273506409,4.1710899042471565
2019-02-10 07:00:00,2.22,2.564794020995781,3.7600490447858284,3.313198065531679,3.57162839816714
2019-02-11 07:00:00,2.1,2.0983656268284734,3.7111499042398424,3.0780332234407277,2.401397479419682
2019-02-12 07:00:00,2.65,1.9232566128185196,3.6308026407869303,3.001590998269265,2.0060575452091967
2019-02-13 07:00:00,2.46,2.2370281851660985,3.59108688404424,3.061656449733819,1.9656880270972792
2019-02-14 07:00:00,2.1,2.3821836869436392,3.4813408724522636,3.122895426830838,2.0657289700483665
2019-02-15 07:00:00,1.95,2.230150524917836,2.999764142644896,3.171715865395359,2.4564536715227243
2019-02-16 07:00:00,1.85,2.0184319397112653,2.444040897278788,3.2299010675768356,4.044145473315689
2019-02-17 07:00:00,2.0,1.85604772995095,2.169656238439855,3.211649958367174,4.475823039391283
2019-02-18 07:00:00,1.97,1.8813725724543298,2.0611022220257906,3.168267502108517,4.163491347693789
2019-02-19 07:00:00,1.87,1.917608372373611,2.2645270110039615,3.142560115004751,3.495833935650183
2019-02-20 07:00:00,2.1,1.8903538653290721,2.3084449077191134,3.079847154238158,3.5037285504649116
2019-02-21 07:00:00,2.08,1.9888201541367285,2.155234991052053,3.0586825328985587,3.3225356287859382
2019-02-22 07:00:00,2.1,2.0435705538266085,2.006772372131129,2.958231025838866,3.00634689791657
2019-02-23 07:00:00,2.0,2.0736617660421737,1.9104415053025652,2.521261066154105,2.732692114481182
2019-02-24 07:00:00,2.09,2.0259347125802765,1.9365934919395824,2.1400005332002583,2.4950373875921485
2019-02-25 07:00:00,2.3,2.037766143858592,1.9544782042359354,2.045053042979355,2.288325833079341
2019-02-26 07:00:00,2.2,2.1658437290534693,1.9200031387268182,2.010928339648578,2.0456913862320207
2019-02-27 07:00:00,1.85,2.19149147124719,1.9824557187264586,2.191826042794735,2.0206810207155415
2019-02-28 07:00:00,1.45,1.9956007274225642,2.0115671619228626,2.1646624772164262,2.0615144624727786
2019-03-01 07:00:00,1.5,1.647988251415452,2.0297868607298004,2.0113162126121256,2.102437218157265
2019-03-02 07:00:00,1.15,1.4921527577883553,1.9976660316914376,1.9334742119657156,2.151790069714309
2019-03-03 07:00:00,1.08,1.2776397310950487,2.0111717364687567,1.900316102434881,2.209728345114302
2019-03-04 07:00:00,1.18,1.1475608978205252,2.103157820398225,1.9435867474375008,2.162622528815449
2019-03-05 07:00:00,0.65,1.160476998427017,2.1147531036460285,1.9429459799596744,2.128536015922347
2019-03-06 07:00:00,1.0,0.9246094659181535,1.9754626857595035,1.905283866038526,2.10863262858929
2019-03-07 07:00:00,0.86,0.9595807840895231,1.7573940208032628,1.9698751917199024,2.050315565161295
2019-03-08 07:00:00,0.85,0.9471589255452187,1.6777809286609444,1.984912226324276,2.0482594578537756
2019-03-09 07:00:00,2.27,0.9371988398324458,1.5452215833470266,1.988215338743626,1.9696124458818989
2019-03-10 07:00:00,1.8,1.6615505906217758,1.4655584039943306,1.9552719445804911,1.7916226294616777
2019-03-11 07:00:00,1.37,1.8804506409952557,1.4635211691481367,1.9777931213989057,1.722403646732013
2019-03-12 07:00:00,1.25,1.676906230531415,1.3067278384019583,2.0582620438904904,1.7088405370941389
2019-03-13 07:00:00,1.2,1.4239275870715005,1.328596512833294,2.0412033749070586,1.6996906159224856
2019-03-14 07:00:00,1.7,1.2664121207990449,1.310810307843723,1.913725079656972,1.73733206985055
2019-03-15 07:00:00,1.35,1.4761311187826918,1.29698546901162,1.7671778896189945,1.7198633550733249
2019-03-16 07:00:00,1.68,1.4581347545947905,1.745426977988164,1.7585754853221913,1.6943720815455319
2019-03-17 07:00:00,2.1,1.594933434751697,1.8444512331222125,1.6698287499965934,1.6846056315309745
2019-03-18 07:00:00,2.5,1.8958198278711444,1.701468681569065,1.6250056113832634,1.6783587806661067
2019-03-19 07:00:00,2.1,2.279115203269679,1.5731077285134762,1.643802201448066,1.685263025584832
2019-03-20 07:00:00,2.14,2.252802561316896,1.5021118589905884,1.5198311455880669,1.6835213656761383
2019-03-21 07:00:00,1.7,2.1796791827939073,1.6498031773627782,1.5670993073950334,1.677433592342768
2019-03-22 07:00:00,1.7,1.8863656217534153,1.6268924884595282,1.555737301476169,1.6891279396952745
2019-03-23 07:00:00,1.75,1.7124254631434905,1.7033225933377145,1.5445077039000306,1.6883441700772472
2019-03-24 07:00:00,1.55,1.686090510055052,1.8930797386181695,1.9291559167930292,1.6897551540275086
2019-03-25 07:00:00,1.6,1.6031092281769976,2.147978862401055,1.9058813261817684,1.6845855424416243
2019-03-26 07:00:00,2.0,1.5887823509400143,2.1103915659124484,1.7354908900138246,1.689523675390217
2019-03-27 07:00:00,1.9,1.8054037570335733,2.076866720924942,1.6711594492460171,1.7028555601218238
2019-03-28 07:00:00,1.85,1.8955379711923341,1.8897712020538489,1.662606756865492,1.6971139679395952
2019-03-29 07:00:00,1.6,1.8887706020817436,1.8072165326145735,1.8001268334925322,1.677847695745878
2019-03-30 07:00:00,1.49,1.7296250194162304,1.803501154657715,1.7332716516040012,1.6589609133890146
2019-03-31 07:00:00,1.45,1.5695521519344033,1.7419788834142207,1.796227703376826,1.6586773121835363
2019-04-01 07:00:00,1.48,1.4751039072627699,1.7246534994167753,1.9518359255399462,1.644273316975946
2019-04-02 07:00:00,1.28,1.4647040394254778,1.8622254279080452,2.1279367870830654,1.6390659480276402
2019-04-03 07:00:00,1.35,1.375810493919647,1.900971437707173,2.0193428842482293,1.640329851773464
2019-04-04 07:00:00,2.05,1.360927438706442,1.891884829179655,1.9925472218430547,1.622812912748637
2019-04-05 07:00:00,1.75,1.7346433606405554,1.789016856703663,1.8636300998490474,1.62955349039613
2019-04-06 07:00:00,2.25,1.817025714359838,1.6975254900460968,1.8352071387948197,1.6256268071774564
2019-04-07 07:00:00,1.75,2.075188630021278,1.6494314218831128,1.8521971503252272,1.6241217967906918
2019-04-08 07:00:00,1.6,1.9445490580535372,1.6460267012482186,1.7959686469248892,1.6833948612186989
2019-04-09 07:00:00,1.65,1.733628768465782,1.5809941051988983,1.7924749214993885,1.66466504104411
2019-04-10 07:00:00,1.2,1.6408034358947166,1.5695999762561332,1.9169901143355164,1.6484057455437866
2019-04-11 07:00:00,0.9,1.3851059618999366,1.8061815475234533,1.9197252480874647,1.6443063430137062
2019-04-12 07:00:00,1.55,1.0962273947041914,1.8336209187573187,1.8911127503524192,1.641943688258555
2019-04-13 07:00:00,1.48,1.297380521534227,2.00985725634132,1.8106598606402282,1.6613253650520983
2019-04-14 07:00:00,1.0,1.4436158766293608,1.908075941910029,1.7641335997976788,1.648999703735033
2019-04-15 07:00:00,1.02,1.260346511337596,1.7848750003874478,1.7474541828105603,1.6609038614067686
2019-04-16 07:00:00,1.69,1.129157036335275,1.74938949276788,1.7529735955056627,1.6833870033186544
2019-04-17 07:00:00,1.22,1.4195391523763403,1.5950780237014048,1.6985245185172393,1.711725972800491
2019-04-18 07:00:00,1.0,1.3824539252216743,1.4247458976354919,1.7014721501111005,1.6879459143422944
2019-04-19 07:00:00,1.7,1.2034610750985777,1.5559895344298296,1.9110224424050986,1.691850305345997
2019-04-20 07:00:00,1.59,1.4547163546718966,1.6180748946849264,1.8764633087647928,1.6697199430245
2019-04-21 07:00:00,1.7,1.5831231563499415,1.4875479174311894,2.004898103133565,1.6688819602655274
2019-04-22 07:00:00,1.5,1.6853402031181357,1.4160465096574562,1.8857603409520827,1.6707730338406803
2019-04-23 07:00:00,1.68,1.6166188389723792,1.5981818381465687,1.8034217147515559,1.6611017319418502
2019-04-24 07:00:00,1.73,1.6484050145865181,1.5564061334470252,1.8104856136798824,1.6615477919462487
2019-04-25 07:00:00,1.85,1.699734364826328,1.4530043779757258,1.6912885633495867,1.6803620259032972
2019-04-26 07:00:00,1.43,1.792246074634689,1.6177445931827972,1.5818529182300956,1.675891294903332
2019-04-27 07:00:00,1.4,1.620584381109666,1.6820725033429287,1.72977324504686,1.6738103415964891
2019-04-28 07:00:00,1.44,1.4779054621053114,1.7468345307350832,1.7611619001092,1.6625374595063145
2019-04-29 07:00:00,1.28,1.436201504349422,1.7031155907925903,1.6224534470227179,1.6570256264068373
2019-04-30 07:00:00,1.25,1.3545922585771735,1.7293952551215135,1.5912250140126254,1.654633987302071
2019-05-01 07:00:00,1.6,1.3011215278929946,1.7686224024051782,1.775943531825843,1.6550675903224696
2019-05-02 07:00:00,1.8,1.4649181942715568,1.8355647987538828,1.69887551886499,1.6466410605609865
2019-05-03 07:00:00,1.65,1.6846727947415139,1.7153584414588685,1.6023675381976006,1.647758523964062
2019-05-04 07:00:00,1.85,1.717933952628347,1.6371493983980163,1.7731440021982572,1.6792104557675087
2019-05-05 07:00:00,1.85,1.804374240759955,1.6185327476517029,1.8024517246819802,1.666472970464356
2019-05-06 07:00:00,1.65,1.8460323185864251,1.5677882008755362,1.8228825242035789,1.6940239612777421
2019-05-07 07:00:00,2.08,1.7485557006821943,1.5338466535376494,1.7685195136079395,1.6692129173913501
2019-05-08 07:00:00,1.9,1.9067189801720614,1.6335443147143345,1.8093080064881206,1.6622574846559397
2019-05-09 07:00:00,1.75,1.9258993779630513,1.7585621711925319,1.8413908980550755,1.6643029174704922
2019-05-10 07:00:00,1.69,1.833044221249841,1.767063246865741,1.880817888406795,1.646280445521363
2019-05-11 07:00:00,1.57,1.7329788932734982,1.8274647441172587,1.7637947331902,1.6336286038554304
2019-05-12 07:00:00,1.55,1.6221933169393168,1.8556331074835006,1.724075357372725,1.653921599982993
2019-05-13 07:00:00,1.41,1.562239034488835,1.7960413666683197,1.7368054602833793,1.652243676184569
2019-05-14 07:00:00,1.35,1.4724387544357684,1.918888983874939,1.6975518079310024,1.6349111999533663
2019-05-15 07:00:00,1.55,1.4008959121389526,1.9233542902206302,1.6754950145103544,1.6334388396619006
2019-05-16 07:00:00,1.45,1.4768469481656625,1.8600292323788177,1.768253410032755,1.657658528694304
2019-05-17 07:00:00,1.58,1.4868277866763877,1.8039355195427613,1.8552510470026966,1.6417831340331983
2019-05-18 07:00:00,1.55,1.5518059675551141,1.7372911844077816,1.8237547821178595,1.6337069214848066
2019-05-19 07:00:00,1.74,1.5730141242109366,1.7033638829989672,1.8690693028901522,1.6585940856383594
2019-05-20 07:00:00,2.11,1.6756424239436336,1.6473208887364132,1.8883729717085362,1.6563542085284204
2019-05-21 07:00:00,2.55,1.9312268766500367,1.5985026571873437,1.8292221732264777,1.6620667470411954
2019-05-22 07:00:00,2.51,2.3126511798210707,1.6443223385049335,1.9449224923736568,1.6550325153054426
2019-05-23 07:00:00,2.17,2.488441320264317,1.6403155513491772,1.925568691811358,1.662215455972269
2019-05-24 07:00:00,1.69,2.3372494120792933,1.6779102391495642,1.8619644041145182,1.6655783173524368
2019-05-25 07:00:00,1.65,1.9339179472703685,1.6865656105594826,1.830851400739068,1.67225482067657
2019-05-26 07:00:00,1.25,1.6786568071349752,1.7526913866404095,1.7951877404991459,1.654352160989197
2019-05-27 07:00:00,1.28,1.3839801870256956,1.9216805561935608,1.7816909828235257,1.651872330244676
2019-05-28 07:00:00,1.75,1.2762511988125735,2.180610722062164,1.7391956189737052,1.6527000427704515
2019-05-29 07:00:00,1.68,1.5144481084841843,2.287723573700388,1.7120692858616378,1.6462288678155264
2019-05-30 07:00:00,1.7,1.653115248103966,2.1755340868566817,1.763255732256761,1.6439555964475177
2019-05-31 07:00:00,1.55,1.7156647397352787,1.9188735999619855,1.7501008639374338,1.6567913432885326
2019-06-01 07:00:00,1.45,1.645614884202086,1.7903915824089407,1.7775855825066902,1.66673034269554
2019-06-02 07:00:00,1.38,1.5349899835171303,1.6189986927715314,1.7781348520476647,1.6612369964695435
2019-06-03 07:00:00,1.48,1.437660644606417,1.5587439356035713,1.832094969138201,1.6710152203732387
2019-06-04 07:00:00,1.35,1.4508130985041192,1.6962821075885048,1.9626632642909738,1.6722711342975194
2019-06-05 07:00:00,1.3,1.4121347317813076,1.7526725958197495,2.1456879634227395,1.6637596306706985
2019-06-06 07:00:00,0.86,1.3616936494010463,1.7757961566295828,2.1686433357573103,1.6854232154268538
2019-06-07 07:00:00,1.1,1.1090884511223171,1.7263222701271292,2.03764164347316,1.677101686075906
2019-06-08 07:00:00,1.49,1.0854869200218593,1.6614507319660998,1.8568112791062406,1.66977849237323
2019-06-09 07:00:00,1.34,1.3140126071320968,1.6123187124891663,1.8181522945003206,1.6668554143880174
2019-06-10 07:00:00,1.35,1.390912586314712,1.6285235530758981,1.7077507572325583,1.660996391291908
2019-06-11 07:00:00,1.27,1.4098624838841256,1.597248310577246,1.6858553173554187,1.6592593890106546
2019-06-12 07:00:00,1.7,1.3603966754984451,1.5634933886179403,1.8178635875765494,1.6530425054960651
2019-06-13 07:00:00,1.65,1.5479120614617137,1.4074147091331832,1.8332441233855694,1.6493448021649115
2019-06-14 07:00:00,1.48,1.6459299419614954,1.403313967653007,1.8284915761220444,1.6562649035882988
2019-06-15 07:00:00,1.5,1.590283859345862,1.537896359403363,1.7841375875278622,1.6524512531950035
2019-06-16 07:00:00,2.86,1.5443303833939472,1.5668524883252468,1.7481802248202056,1.6573270172185735
2019-06-17 07:00:00,5.5,2.244010122304675,1.5715510848789642,1.7235080502055595,1.6565866102071731
2019-06-18 07:00:00,7.79,4.160403360494194,1.541070005633197,1.7464668620203432,1.6650011207490383
2019-06-19 07:00:00,8.4,6.572197848645207,1.6658749462634235,1.717428836325881,1.6852667698671422
2019-06-20 07:00:00,8.35,8.100299974765955,1.7251437540851136,1.6928235536054903,1.7169296392216231
2019-06-21 07:00:00,7.6,8.535660133147248,1.6878871459524483,1.5758400939392092,1.7156111049327047
2019-06-22 07:00:00,6.88,7.982033978020707,1.6645603134166294,1.607034041918913,1.6947711402790049
2019-06-23 07:00:00,6.1,7.009131219459511,2.154770896432301,1.727346656118045,1.6704812654967776
2019-06-24 07:00:00,5.6,5.987173033208809,3.74130747985976,1.7145439814575236,1.6674719585635394
2019-06-25 07:00:00,5.0,5.249080520272498,6.118105516411464,1.7017452162511555,1.6503096010542062
2019-06-26 07:00:00,4.18,4.666590506043762,7.440074691953265,1.6809115201505844,1.6484214878628447
2019-06-27 07:00:00,2.05,4.000266692935522,7.48112482468066,1.7983876433206745,1.6660443931585533
2019-06-28 07:00:00,1.12,2.49103479576115,6.579676247884099,1.8182705885618817,1.6632583425881606
2019-06-29 07:00:00,1.4,1.2127415461870492,5.570198237271014,1.762310203038817,1.6639322471999887
2019-06-30 07:00:00,2.08,0.9498450964889186,4.773546221568893,1.7542932584376318,1.6578618532230573
2019-07-01 07:00:00,1.5,1.4606683175810566,4.329919787077659,2.200388585046042,1.653391948120345
2019-07-02 07:00:00,1.45,1.5612372988954766,3.9817977258639052,3.651211353548358,1.6503772136428638
2019-07-03 07:00:00,1.66,1.528095558272828,3.5211054980481267,5.47939407372932,1.653813155364733
2019-07-04 07:00:00,1.2,1.5951278500561796,2.4227958321900696,5.916483309833036,1.6485538921753193
2019-07-05 07:00:00,1.95,1.3985014066182047,1.6885892183601343,5.589614142156005,1.6458413422535554
2019-07-06 07:00:00,1.8,1.6642775737601907,1.5632667917298022,4.956474654205868,1.6304376571972412
2019-07-07 07:00:00,1.7,1.7869511621886278,1.821981111641848,4.4704922698062175,1.6352929994217607
2019-07-08 07:00:00,1.65,1.7745322251057618,1.7808614796896118,4.017217268455986,1.6494942530038932
2019-07-09 07:00:00,1.68,1.7080520795285208,1.700523902794771,3.720859724106132,1.6451734096893311
2019-07-10 07:00:00,1.65,1.6804122809617266,1.7126061756449744,3.40508822375662,1.6455061275803837
2019-07-11 07:00:00,1.6,1.6596443818807718,1.578730577955806,2.9612828724337685,1.642916378656718
2019-07-12 07:00:00,1.95,1.624708277524048,1.7686416064177466,2.0245283508652396,1.659972010514008
2019-07-13 07:00:00,1.8,1.7964400618054797,1.8316783286973277,1.6495973586081514,1.6601160616391464
2019-07-14 07:00:00,1.9,1.8290839312384113,1.808370540666116,1.7203797303545096,1.6538323300055306
2019-07-15 07:00:00,1.95,1.875047771596703,1.7708591986818953,1.9532809010398937,1.6544666152282885
2019-07-16 07:00:00,1.95,1.9198040144997377,1.7624688031293465,1.8105327265978985,1.7411401621579339
2019-07-17 07:00:00,1.9,1.9387181420775754,1.752021308454722,1.7361488017942335,3.846091534946909
2019-07-18 07:00:00,1.15,1.9141766510328895,1.736221974070799,1.7972998138581178,4.936251204798535
2019-07-19 07:00:00,1.45,1.4936125548967998,1.8477737553352491,1.6920307041762068,4.8882261966571665
2019-07-20 07:00:00,1.7,1.3957772457892395,1.8560283076968946,1.8690742234131263,4.881051348610481
2019-07-21 07:00:00,1.05,1.537100527690855,1.886521619601807,1.8831067467786953,4.684655065197064
2019-07-22 07:00:00,1.15,1.3146239640141824,1.9176695000839796,1.838853551919361,4.492821787081788
2019-07-23 07:00:00,1.2,1.2098802641457402,1.9311815314589855,1.8130025475277054,3.8554207809667096
2019-07-24 07:00:00,1.37,1.2031391626600234,1.9177993252543548,1.8226602161766707,3.2525525020539696
2019-07-25 07:00:00,1.3,1.3106402594357058,1.6464991149246853,1.818952599362209,2.4507510451362506
2019-07-26 07:00:00,1.9,1.3445352359138696,1.6095169100501272,1.7997113606328157,1.986734672517214
2019-07-27 07:00:00,2.0,1.6649620599778299,1.700497013461955,1.900892305005305,1.7083395855817374
2019-07-28 07:00:00,2.1,1.912907349755855,1.5408471796630792,1.8834388004214166,1.6603300747648313
2019-07-29 07:00:00,2.24,2.0673035813977934,1.4815434925719448,1.8996426255313914,1.6626509645539573
2019-07-30 07:00:00,2.15,2.189864209777141,1.4738878235372164,1.9233051041927935,1.6923960755959535
2019-07-31 07:00:00,2.3,2.182398256063433,1.5304090029204145,1.9295236958483704,1.662529094002404
2019-08-01 07:00:00,2.15,2.231314023233472,1.544580552776019,1.913130558955594,1.6559742827855084
2019-08-02 07:00:00,2.1,2.1755746075215194,1.7455547617578528,1.6890886660297197,1.6621719280437195
2019-08-03 07:00:00,2.0,2.1056149292027366,1.8881654868073996,1.7198419903630084,1.6440225218810582
2019-08-04 07:00:00,2.1,2.0135223224676704,1.988077219874142,1.8186110478909387,1.6744436936720184
2019-08-05 07:00:00,2.1,2.023445974171299,2.076863619967032,1.6554535712936516,1.6696557124597278
2019-08-06 07:00:00,2.08,2.0485982680331163,2.0773665248617807,1.6299492757833105,1.6648610931900514
2019-08-07 07:00:00,1.78,2.0543917481213603,2.127575636243035,1.6518570298220026,1.6630606824930576
2019-08-08 07:00:00,2.1,1.892297341055733,2.098688956600485,1.7042113860983639,1.6644142363576555
2019-08-09 07:00:00,2.15,1.960487710038409,2.0582493124971597,1.693967836368315,1.6631388591908716
2019-08-10 07:00:00,2.87,2.05910037500546,2.0022768432616003,1.8568655815056452,1.6611845375998053
2019-08-11 07:00:00,3.62,2.507232476360694,2.0162746705202874,1.9393228285284718,1.6773195350486148
2019-08-12 07:00:00,4.1,3.191258399196744,2.029951346228405,1.9781679985783467,1.6708157934213639
2019-08-13 07:00:00,4.24,3.8197258401967007,2.0300249235266006,2.0308456918131186,1.6758633301374877
2019-08-14 07:00:00,4.38,4.163626001433521,1.913518935608121,2.0153058524448855,1.679196218497043
2019-08-15 07:00:00,4.35,4.314609936010545,1.971173392998367,2.060064498551578,1.6796913207223412
2019-08-16 07:00:00,4.3,4.296632606873196,2.0329060435992976,2.0224939577150938,1.677589838019099
2019-08-17 07:00:00,4.1,4.203260131740545,2.3534148789718707,1.9928512184145097,1.646168968501559
2019-08-18 07:00:00,3.35,4.020243388747971,2.8629546931327163,1.9567797433181555,1.6538282318726674
2019-08-19 07:00:00,2.71,3.4818161134730463,3.347413131754247,1.9831453853749637,1.664445749728449
2019-08-20 07:00:00,2.52,2.807319574373747,3.600447735170757,1.9923846902679732,1.6394344079343084
2019-08-21 07:00:00,2.1,2.3902339114330644,3.719990810371966,1.983652484428933,1.6397364623091317
2019-08-22 07:00:00,2.0,2.0527872940844656,3.706989473183798,1.8847313723805426,1.6405087774877936
2019-08-23 07:00:00,1.87,1.8966774630590224,3.6545351824238286,1.9630762776819906,1.6458718529909244
2019-08-24 07:00:00,1.7,1.8107155969118929,3.5232817024124237,2.0105121837885385,1.6440626255659736
2019-08-25 07:00:00,0.9,1.7100003106084793,3.090493300043374,2.2713599283938875,1.6695308319613855
2019-08-26 07:00:00,0.25,1.2473065482490722,2.612264095863318,2.659348567205147,1.6772106764630055
2019-08-27 07:00:00,1.15,0.6560167126949457,2.3619794252231037,2.968184076816684,1.6848459471834878
2019-08-28 07:00:00,1.86,0.8369035141780702,2.136774307131876,3.0693153113816987,1.6954200590115451
2019-08-29 07:00:00,1.65,1.4202549200385661,2.0241441923349783,3.1349825606974284,1.6917206716369027
2019-08-30 07:00:00,1.5,1.6700711847512828,1.9402009165701375,3.131882863665747,1.7023645500131157
2019-08-31 07:00:00,1.9,1.653894096212647,1.8431316299401355,3.0964909732329,1.694316703775154
2019-09-01 07:00:00,1.78,1.795864770022747,1.5300218665533751,2.983397488386214,1.691571126685861
2019-09-02 07:00:00,1.45,1.8133016663466308,1.194008168582455,2.600684431603036,1.6859507771679174
2019-09-03 07:00:00,1.9,1.6243125183818605,1.3046569702391932,2.2722996262616193,1.691184933888082
2019-09-04 07:00:00,2.2,1.7409842211816007,1.6253079447194305,2.173817842102556,1.6910783030166043
2019-09-05 07:00:00,2.7,2.005808193316113,1.7339791034890721,2.027953799360992,1.689814119361077
2019-09-06 07:00:00,3.05,2.4281633246102405,1.7023359069412494,1.960100324811601,1.673785160534539
2019-09-07 07:00:00,3.38,2.8418162058265475,1.8017506095865385,1.910385080658452,1.6896168629111785
2019-09-08 07:00:00,3.3,3.2087385102599004,1.819463631477904,1.8489097581081022,1.6930386515107343
2019-09-09 07:00:00,2.6,3.3067079538407707,1.7153452649175565,1.6129801061859477,1.7502303947202655
2019-09-10 07:00:00,2.6,2.885801447089585,1.81311955408941,1.412756355755366,1.8643746690541483
2019-09-11 07:00:00,3.49,2.582895373652867,1.983253273152914,1.5823392539254268,1.9933406376279754
2019-09-12 07:00:00,3.85,2.9647154650453555,2.271613244985899,1.839576511160466,2.0328732851656786
2019-09-13 07:00:00,4.1,3.485295906298909,2.5646484127991926,1.8300540206742135,2.0986812569995412
2019-09-14 07:00:00,4.09,3.9002281542188117,2.833461090871583,1.7588869663598456,2.0739740658725867
2019-09-15 07:00:00,3.88,4.0466728572698,2.895556824769944,1.8682486078628346,2.0564351961033522
2019-09-16 07:00:00,3.73,3.914645316143705,2.5723082530968875,1.8744689488615982,1.9788807848556542
2019-09-17 07:00:00,3.85,3.690684968900559,2.403362652711221,1.7655002907532047,1.8129399797289416
2019-09-18 07:00:00,4.0,3.635089089828327,2.7487561948860395,1.8703554950210042,1.7458301185202603
2019-09-19 07:00:00,3.97,3.7374389204455616,3.1497922157963445,2.0094379596322614,1.7304274558961694
2019-09-20 07:00:00,3.46,3.8018496860395694,3.456027806582914,2.2122144024136436,1.7010757011541746
2019-09-21 07:00:00,2.86,3.528844162439861,3.530847893081067,2.39015964422154,1.692693902584189
2019-09-22 07:00:00,2.25,2.992013801610869,3.3927880412177447,2.5604950184212902,1.6829323763214517
2019-09-23 07:00:00,2.26,2.35942755649287,3.2357643248021777,2.553784267442073,1.6716231001773976
2019-09-24 07:00:00,2.26,2.0890835593562507,3.2419811867897206,2.247696032336198,1.638696799575825
2019-09-25 07:00:00,1.85,2.0656808100459614,3.3467764689954804,2.190915298801993,1.6155788102437854
2019-09-26 07:00:00,1.4,1.9022680435103085,3.3912616651341554,2.576511917287237,1.6344093190068754
2019-09-27 07:00:00,1.38,1.5756021353391307,3.139773392096298,2.8485804975233426,1.6649229446981082
2019-09-28 07:00:00,1.0,1.3961619372014793,2.724577439165048,2.9771233673214432,1.6579330918863058
2019-09-29 07:00:00,0.75,1.1512573503197943,2.2974173013731165,2.9714499658633637,1.6525573375414415
2019-09-30 07:00:00,0.5,0.9150193014899466,2.1523695783823333,2.8624089546291915,1.6709055828974353
2019-10-01 07:00:00,0.65,0.693181184678798,2.1356811794498056,2.772507752624344,1.6675385155896578
2019-10-02 07:00:00,2.22,0.6784390761635388,1.9912525419630558,2.824498691749874,1.6548748176090862
2019-10-03 07:00:00,3.1,1.5082757723044757,1.7529463381901675,2.9193431253215874,1.6745309158379145
2019-10-04 07:00:00,3.6,2.5173192070747077,1.6351400632491757,2.911682302338299,1.692515306331046
2019-10-05 07:00:00,3.65,3.320543132921767,1.4744549371280213,2.6505084890547024,1.7308247137589874
2019-10-06 07:00:00,3.55,3.6747775814705554,1.3320402428643205,2.344451979001423,1.7685800690859037
2019-10-07 07:00:00,3.9,3.658934947080594,1.1983429951369693,2.0833350124904264,1.8148652407332286
2019-10-08 07:00:00,4.1,3.7390514784490017,1.1797578440854308,2.057116492332112,1.8013285904590384
2019-10-09 07:00:00,4.1,3.8893490367776313,1.6643094975271673,2.067026254848123,1.729209156832109
2019-10-10 07:00:00,4.05,3.9722866110889217,2.312868393752514,1.9253285045229818,1.7316999507100157
2019-10-11 07:00:00,4.14,3.956132274883571,2.8797423507136184,1.7532950800809288,1.8466752543006804
2019-10-12 07:00:00,4.23,3.968691375817219,3.1260244294495165,1.7199513259663592,1.922638015701793
2019-10-13 07:00:00,4.02,4.02448632992776,3.1099572476845836,1.6229421389114578,1.9985676171475812
2019-10-14 07:00:00,3.55,3.934035150821771,3.2374138995849404,1.5346809674373412,1.98099844306243
2019-10-15 07:00:00,3.52,3.5914594380126226,3.4178826666293776,1.4594758994113475,1.9123414009987862
2019-10-16 07:00:00,3.7,3.3693129650693856,3.496709198438453,1.4771670404522488,1.8812631663260395
2019-10-17 07:00:00,3.78,3.403983028175918,3.4798874516702263,1.8977393371752689,1.917395465683572
2019-10-18 07:00:00,4.05,3.5314174620466066,3.4961538918943593,2.3590773913782055,1.9625102792569697
2019-10-19 07:00:00,4.5,3.772012924657885,3.5515149673491093,2.667391277550113,1.9493755972350209
2019-10-20 07:00:00,4.55,4.160893996423978,3.4725699646334425,2.722863767717388,1.8311607639620118
2019-10-21 07:00:00,4.53,4.387958191503655,3.1865651961658843,2.6724279846628964,1.7580651215874934
2019-10-22 07:00:00,4.4,4.434184451692566,3.0400699006906273,2.8391284123403584,1.7106369123192007
2019-10-23 07:00:00,4.11,4.3252018026513275,3.095972638290592,2.9861469277893598,1.709754470169994
2019-10-24 07:00:00,3.73,4.064059858637035,3.1981269412669895,2.9914628416177846,1.7084004655806206
2019-10-25 07:00:00,3.8,3.6918279019393156,3.3852294797321223,2.9462583514579808,1.6827196849609347
2019-10-26 07:00:00,3.85,3.551097280886109,3.697359422949557,2.98851751052732,1.659348952217401
2019-10-27 07:00:00,4.0,3.577566660957843,3.850456361062833,3.052530902242901,1.6545866996241683
2019-10-28 07:00:00,4.07,3.7242752584869683,3.8638414158809598,2.947096291780488,1.6386890824983302
2019-10-29 07:00:00,4.05,3.860752664772688,3.7614113698960816,2.6872776229969566,1.6275936220751965
2019-10-30 07:00:00,3.85,3.9082189332933717,3.547300235759765,2.6381900623070584,1.6173119765965276
2019-10-31 07:00:00,4.0,3.791010004611231,3.267815234158211,2.744105899880441,1.617622948966964
2019-11-01 07:00:00,3.85,3.7875544443679656,3.2026921609322034,2.804550892317636,1.6780882726422255
2019-11-02 07:00:00,3.72,3.72189294111052,3.240536052681408,2.932059361160329,1.7608797309102817
2019-11-03 07:00:00,3.83,3.6096545614193833,3.3570960436182515,3.192585146186689,1.8388156741595914
2019-11-04 07:00:00,4.05,3.6147806621298857,3.4485019710598874,3.2630804247091207,1.8493061804573663
2019-11-05 07:00:00,4.2,3.77020938033198,3.4625498852213004,3.229116493275558,1.8353246117019486
2019-11-06 07:00:00,4.2,3.9606345152319786,3.347980918625328,3.147589391569453,1.925589504764265
2019-11-07 07:00:00,4.2,4.0514685720659465,3.3646945137037996,2.9881667720756098,1.989731916749719
2019-11-08 07:00:00,4.23,4.0663325523212555,3.3122456577453336,2.7763984278189167,1.987018857865896
2019-11-09 07:00:00,4.26,4.0654043908340265,3.224900561833523,2.785964040248902,1.9701742679274312
2019-11-10 07:00:00,4.2,4.074319191103331,3.2421104285228646,2.8368760984066927,2.0045879905932087
2019-11-11 07:00:00,4.2,4.044217926533083,3.3750237409925377,2.91387476700264,2.0388824582064524
2019-11-12 07:00:00,4.17,4.021997333459869,3.522546218380108,2.956970322645218,1.9562183857290598
2019-11-13 07:00:00,4.1,3.9947691916251182,3.5794161783041933,2.9485693790459093,1.8464876599749538
2019-11-14 07:00:00,4.1,3.941364245211023,3.5767097145940188,2.844170969700983,1.846535083198908
2019-11-15 07:00:00,4.15,3.9134670576730897,3.576209389540806,2.900069155503391,1.8851853753304055
2019-11-16 07:00:00,4.27,3.936841729615202,3.591999592523783,2.851869727072017,1.903178838663479
2019-11-17 07:00:00,4.18,4.029794780639909,3.5697337222854246,2.767364993671814,1.9862424519929618
2019-11-18 07:00:00,3.58,4.033726043726643,3.555768234269188,2.8089175605516306,2.2093248972458954
2019-11-19 07:00:00,3.15,3.6685877825342716,3.5344797435808166,2.9396480043111266,2.1976452816706855
2019-11-20 07:00:00,2.15,3.1819595939970635,3.490848227596041,3.037516558957688,2.1807100176043126
2019-11-21 07:00:00,1.9,2.3784578913974967,3.4734802700991456,3.037953683116711,2.0995666932021573
2019-11-22 07:00:00,2.25,1.8533985383212142,3.497759399893273,3.0291731943398195,1.9783856726665603
2019-11-23 07:00:00,2.0,1.898655470002009,3.5768962120799532,3.0472129064651745,1.880669098787008
2019-11-24 07:00:00,1.95,1.9192113087562217,3.5669474682852007,3.0682195741788614,1.905712694141443
2019-11-25 07:00:00,1.55,1.9183538445417003,3.2417118102417737,3.0367107448932087,1.9190545949685884
2019-11-26 07:00:00,1.3,1.7011262693120655,2.877766540580002,3.026923131258279,1.9659131267477368
2019-11-27 07:00:00,1.45,1.4377617227791155,2.312079689729445,3.0145887223259598,1.9849395076973217
2019-11-28 07:00:00,1.59,1.3918912358592705,2.003374342605841,2.9766714421448732,1.9730689011654536
2019-11-29 07:00:00,1.5,1.49112126570565,2.049412566070427,2.9698482944350464,1.9108006973181613
2019-11-30 07:00:00,1.47,1.5246639046763135,2.0202344684316125,2.999358654521451,1.9612927177905866
2019-12-01 07:00:00,1.4,1.5144641661368927,1.980853006422297,3.0685246827121118,1.9119934646126941
2019-12-02 07:00:00,1.95,1.463909092819696,1.8084961708667069,3.030302523746475,1.8844198597352355
2019-12-03 07:00:00,1.44,1.721721007361254,1.6344486156199887,2.7146282374678297,1.9146333022737032
2019-12-04 07:00:00,1.5,1.6235263506625481,1.615245898502405,2.4683628630180388,1.981427519257802
2019-12-05 07:00:00,1.4,1.553416529324175,1.6719566914591921,2.066576712896438,2.0337199540608073
2019-12-06 07:00:00,1.1,1.465304073249176,1.672998618731836,1.9228678044300755,2.026475105857057
2019-12-07 07:00:00,1.05,1.2671776696525046,1.6564852287753364,2.03422439279635,2.0246020970285814
2019-12-08 07:00:00,1.35,1.1359904819199689,1.6194687130447334,1.9812753159974459,2.0361908968678444
2019-12-09 07:00:00,0.85,1.2443224281732495,1.7910355378797493,1.9325833927537046,2.049119084230893
2019-12-10 07:00:00,1.2,1.0834840387256326,1.7119671913487884,1.8032334631401716,2.022205312536587
2019-12-11 07:00:00,1.15,1.147775901362884,1.6756239586633093,1.7082215833386312,2.0255409787723964
2019-12-12 07:00:00,1.62,1.1861707974844367,1.6249124629424578,1.73487902730286,2.0124922068780906
2019-12-13 07:00:00,1.68,1.4472002534228043,1.5065975827486948,1.786226180349015,1.9868374688798076
2019-12-14 07:00:00,1.85,1.6353784761744716,1.436498274345727,1.767988715291782,1.9897541684593252
2019-12-15 07:00:00,1.32,1.8010251566864912,1.5051234978919796,1.7485758179365414,2.0093559796119926
2019-12-16 07:00:00,1.4,1.5873834510272344,1.3890840634239296,1.7275793910774548,2.060796847975349
2019-12-17 07:00:00,1.45,1.4585976769763136,1.4321807619940212,1.884691502177621,2.014367549903019
2019-12-18 07:00:00,1.68,1.4361284013843914,1.4456722942977778,1.7766971966323664,1.8496995549203679
2019-12-19 07:00:00,1.3,1.5694077864808236,1.601801331381451,1.7515400117756112,1.7900401011035172
2019-12-20 07:00:00,1.22,1.4629267889952569,1.7089337149637618,1.729701646989196,1.7056687056074031
2019-12-21 07:00:00,1.77,1.3327179374921734,1.812467389838162,1.6460680059960744,1.689341630208897
2019-12-22 07:00:00,1.69,1.552966579090782,1.667227361046109,1.6118526103970972,1.7072007827061302
2019-12-23 07:00:00,1.65,1.6718871468068457,1.6127175936853118,1.685730926857805,1.690421480072573
2019-12-24 07:00:00,1.43,1.6952468001856575,1.6123641210135822,1.5788185248304623,1.6849579407304538
2019-12-25 07:00:00,1.43,1.5672552544909715,1.7018097363931097,1.6295586624757532,1.6638868317792963
2019-12-26 07:00:00,1.4,1.4793864063085198,1.620833560483035,1.6408854680029195,1.6509756338234185
2019-12-27 07:00:00,1.4,1.4274595854943293,1.5427567786605474,1.7656338882162064,1.6544579281175535
2019-12-28 07:00:00,1.4,1.414028083102779,1.6859444903605951,1.817485473004741,1.659593015388785
2019-12-29 07:00:00,1.35,1.419179933875367,1.7499082067035439,1.871699731924377,1.655400244606459
2019-12-30 07:00:00,1.65,1.3987684186707618,1.7589128236650189,1.72993996854086,1.6535295733538957
2019-12-31 07:00:00,1.65,1.5427569664057104,1.6773525255881276,1.7150872773390413,1.6502675783731544
2020-01-01 07:00:00,1.65,1.636148691316018,1.630330409323074,1.7399035754615948,1.6745065244656945
2020-01-02 07:00:00,1.62,1.6724403041592804,1.6069082145065456,1.8109327537544533,1.6535904369949108
2020-01-03 07:00:00,1.7,1.6593083882685564,1.6031116289352478,1.7168784128447565,1.6549958848073674
2020-01-04 07:00:00,1.0,1.6838350296244662,1.6007999574665264,1.6653749405338645,1.6510873173829506
2020-01-05 07:00:00,1.18,1.3315891112898877,1.5830293391790526,1.8151957630205575,1.639538457707581
2020-01-06 07:00:00,1.6,1.2032189019670447,1.6728050219813295,1.8380150669064457,1.636078926290191
2020-01-07 07:00:00,1.1,1.400277539647949,1.7241924395593808,1.815160671707124,1.6453555941780846
2020-01-08 07:00:00,1.68,1.2938614601989546,1.7436042467703186,1.7458226769688705,1.6288251791196704
2020-01-09 07:00:00,1.45,1.5022252362747082,1.7367146567303913,1.7339547179422665,1.6375793290316507
2020-01-10 07:00:00,1.4,1.5243564353137455,1.7583637677152668,1.728568941428439,1.6366650675144854
2020-01-11 07:00:00,1.95,1.4815101462743048,1.5357598165419484,1.725678653451018,1.6541576683531487
2020-01-12 07:00:00,1.98,1.7320676044165482,1.4806556493608525,1.7242634370006433,1.659366654243814
2020-01-13 07:00:00,2.0,1.9143733117249777,1.6046114937561793,1.7098523180258098,1.6688527694037394
2020-01-14 07:00:00,1.5,2.001033863921545,1.517933464780655,1.790234263297157,1.6480438793307108
2020-01-15 07:00:00,1.2,1.7461658280648245,1.6507894286313278,1.8137472744217544,1.6502538815489343
2020-01-16 07:00:00,1.44,1.4088792175197733,1.648078300396176,1.8122398139517266,1.6523599318276627
2020-01-17 07:00:00,1.8,1.3637484734788134,1.6172486277741385,1.802419150020276,1.6621411823113448
2020-01-18 07:00:00,1.72,1.5893537982190653,1.7919657678286485,1.8255974068067964,1.6474478108516906
2020-01-19 07:00:00,1.2,1.709059403880698,1.9029873965406063,1.6381056978958237,1.643094567258427
2020-01-20 07:00:00,1.75,1.4736903419969107,1.95253012976904,1.636533306806481,1.664351781877009
2020-01-21 07:00:00,1.9,1.5890993633353676,1.786430842338273,1.7659758163511148,1.6627228122963464
2020-01-22 07:00:00,1.9,1.7748939571947067,1.590884347566672,1.6611617084272114,1.6615199574105481
2020-01-23 07:00:00,1.5,1.8804942534114535,1.5877537427870312,1.7770255692390762,1.6528351000024752
2020-01-24 07:00:00,1.2,1.7011042438518325,1.732585851174525,1.7559758207330052,1.6519537968962164
2020-01-25 07:00:00,1.4,1.4065483718206044,1.7860825643014957,1.7269770786289314,1.6506505238681066
2020-01-26 07:00:00,1.3,1.353943331856181,1.6191411928332313,1.881528792195697,1.6503876732150493
2020-01-27 07:00:00,1.2,1.321833950586374,1.7054072341001685,1.93954845966404,1.6498656589748355
2020-01-28 07:00:00,1.8,1.2711036434587228,1.8223468593715284,1.9458790831718902,1.6475854710553026
2020-01-29 07:00:00,1.45,1.558984730490219,1.886276877764844,1.790201778235623,1.659295227117824
2020-01-30 07:00:00,1.4,1.5656119313984687,1.763058635685559,1.6742954110315853,1.6605438719986616
2020-01-31 07:00:00,1.47,1.4974220335414579,1.5866760017234456,1.7242976523212372,1.6611289991377547
2020-02-01 07:00:00,1.45,1.4815314790712293,1.5723816427013046,1.848279307424329,1.660415154067265
2020-02-02 07:00:00,1.2,1.4727130985335417,1.5560692984515259,1.8487709761553308,1.6642433749474097
2020-02-03 07:00:00,1.35,1.340777099146891,1.5175631871367203,1.687646273331592,1.6380246477137566
2020-02-04 07:00:00,1.5,1.3384691656392553,1.6937587962005554,1.8045219424113024,1.6410254452784026
2020-02-05 07:00:00,0.95,1.4391289890193943,1.6716328280870465,1.9008307712862356,1.6566680624139536
2020-02-06 07:00:00,1.1,1.218320945818921,1.6285854691784607,1.9117079432842399,1.6387694865556344
2020-02-07 07:00:00,1.35,1.1436038724176307,1.6286895786970712,1.7837121703894376,1.659039901955614
2020-02-08 07:00:00,1.6,1.2590372117343325,1.625531107918907,1.673126455858324,1.651494019550856
2020-02-09 07:00:00,1.75,1.4792503529249992,1.5450602750364926,1.712349125030916,1.649064616429161
2020-02-10 07:00:00,1.55,1.6804203692475295,1.5533218056844431,1.7018437741351666,1.6741390498686028
2020-02-11 07:00:00,1.4,1.6639556562343507,1.6097697120691965,1.6646612562225858,1.6781257946211299
2020-02-12 07:00:00,1.1,1.5343243321497542,1.4644696812404834,1.820874768073359,1.6803565162814815
2020-02-13 07:00:00,0.3,1.2899126275424688,1.430919647580692,1.7674815558192047,1.6584219888042337
2020-02-14 07:00:00,0.9,0.7521001112344992,1.5011944832470205,1.724762839262987,1.6455992300012467
2020-02-15 07:00:00,1.05,0.7716552015731041,1.6274724989813945,1.7401882856250548,1.6526921916305422
2020-02-16 07:00:00,1.0,0.9508009219233345,1.7448843160816006,1.7445022469498574,1.6685066495696859
2020-02-17 07:00:00,1.42,1.0487657448743999,1.723250167644222,1.6744486483915906,1.6655354718845339
2020-02-18 07:00:00,2.0,1.2971818048395083,1.6448434792224287,1.694727170643169,1.644597304452897
2020-02-19 07:00:00,1.6,1.7357925379808152,1.5106097177302653,1.7486732658348945,1.6644729373669849
2020-02-20 07:00:00,1.2,1.761803140268528,1.2125439769162838,1.6126166804743922,1.673603168805589
2020-02-21 07:00:00,1.75,1.4862606028312626,1.2451057221693396,1.61088228785959,1.674889077328807
2020-02-22 07:00:00,1.95,1.586027840082777,1.3312474118264315,1.6881132026130192,1.6576499577180768
2020-02-23 07:00:00,1.5,1.7977945823272676,1.3636642696874477,1.7778401412269331,1.6449788269550396
2020-02-24 07:00:00,1.1,1.6836297513822414,1.5009283136476645,1.8371691947815167,1.6504090460742098
2020-02-25 07:00:00,0.65,1.364576052796916,1.765435560078727,1.787306879263355,1.6467569489320208
2020-02-26 07:00:00,1.35,0.9475604546076989,1.7599102373345032,1.7309149464154199,1.6420536667814967
2020-02-27 07:00:00,1.5,1.1036725350467496,1.6004196128996648,1.6430086092157141,1.665290324658431
2020-02-28 07:00:00,1.0,1.3543928438605957,1.6956426379411031,1.4358853956291968,1.6519723518259553
2020-02-29 07:00:00,1.1,1.2434133820070716,1.836888782297082,1.5231929858397346,1.649567270910843
2020-03-01 07:00:00,1.1,1.1820979552252124,1.7537249746524803,1.5984065724315402,1.652497263294928
2020-03-02 07:00:00,0.9,1.1523556690461914,1.5603199284514497,1.5943879335874218,1.651849741804841
2020-03-03 07:00:00,1.25,1.0440656164829807,1.3237522226358256,1.6928474412103398,1.6425771495968824
2020-03-04 07:00:00,0.9,1.162334382730901,1.4339850266954661,1.8935876515644359,1.6469517203377555
2020-03-05 07:00:00,0.95,1.077960604581348,1.5717304581100182,1.8230500322173662,1.6526623073418967
2020-03-06 07:00:00,0.9,1.0349507945239322,1.4764228541267455,1.6761533369340909,1.6335677233756847
2020-03-07 07:00:00,0.4,0.9910669986657661,1.4379315358396347,1.8042832381626213,1.6359799137803304
2020-03-08 07:00:00,0.27,0.7222787648847867,1.4216198174375483,1.918277584528229,1.6445015617112895
2020-03-09 07:00:00,0.6,0.502064237604275,1.359574370420113,1.794480323449171,1.6551094727687623
2020-03-10 07:00:00,1.6,0.5711161236842799,1.4400240374415854,1.6441716722643942,1.663412433969925
2020-03-11 07:00:00,1.3,1.155764556669007,1.377012424912316,1.5124091389978362,1.6561604303442494
2020-03-12 07:00:00,0.75,1.3679225130159045,1.3511333954783324,1.6612965257730827,1.6502704909343833
2020-03-13 07:00:00,1.0,1.1306221801543954,1.3279831828622757,1.7520723070166497,1.639419080073718
2020-03-14 07:00:00,0.98,1.0592757363529341,1.1743025705949104,1.6238513213119943,1.6149592046268966
2020-03-15 07:00:00,0.95,1.0322904537459658,1.0628792956086115,1.6099246946098211,1.6256650186016106
2020-03-16 07:00:00,1.4,1.018359398797668,1.1041273674090564,1.6211063600619324,1.6309309814728723
2020-03-17 07:00:00,1.19,1.2479305729032844,1.425822142383432,1.5749697535899787,1.629237468971387
2020-03-18 07:00:00,0.9,1.288961545113124,1.5190348995157104,1.6463150548078194,1.6435410742286494
2020-03-19 07:00:00,0.9,1.1271804724565273,1.366274538010775,1.581414001842912,1.6717097064856834
2020-03-20 07:00:00,1.0,1.0122726258198682,1.3464535579104142,1.5702457743707952,1.6564700081248502
2020-03-21 07:00:00,1.75,1.0175124317329498,1.3452100565106484,1.5606822992539904,1.6426496610517765
2020-03-22 07:00:00,0.8,1.428303764198318,1.3458495034417937,1.4440503609137463,1.6639043245227925
2020-03-23 07:00:00,0.7,1.1988577010939692,1.4867488045127926,1.3865365823325055,1.6759839508489918
2020-03-24 07:00:00,0.7,0.9423058777656431,1.4907870063117472,1.4479157868602692,1.6568777645516322
2020-03-25 07:00:00,0.7,0.806840839733379,1.3907536170551247,1.712021270835074,1.6412596574526626
2020-03-26 07:00:00,1.38,0.768374968816339,1.3386297042528714,1.7055383708000862,1.6248486811648848
2020-03-27 07:00:00,0.82,1.1172573869300535,1.3483660020321406,1.540779359021374,1.643438656285529
2020-03-28 07:00:00,0.52,1.0612742186378763,1.598470965390201,1.5661463650440492,1.6513400334090707
2020-03-29 07:00:00,0.55,0.8252721528764905,1.4320947078388195,1.5863403613316023,1.6339244102928936
2020-03-30 07:00:00,0.6,0.6899088834641044,1.2926890319959041,1.5792168779551776,1.6350489064651659
2020-03-31 07:00:00,0.8,0.6693733116813267,1.2292200928183026,1.6871274477093101,1.6348534111356572
2020-04-01 07:00:00,1.0,0.7836751839456788,1.2119882940616742,1.6641248739556276,1.6283229863836508
2020-04-02 07:00:00,0.75,0.962293394379992,1.4126955662031875,1.575789378962998,1.6389313364367644
2020-04-03 07:00:00,1.75,0.9336630847396097,1.3549183139261425,1.5565051434657382,1.628494943064636
2020-04-04 07:00:00,1.5,1.3918560488226952,1.2141812638163885,1.584236001937435,1.628350299975442
2020-04-05 07:00:00,0.36,1.5525835088611701,1.153920167197099,1.7912160695883863,1.626735656259867
2020-04-06 07:00:00,0.45,0.9953817336656718,1.148306881395249,1.5892942309117077,1.6124138717784642
2020-04-07 07:00:00,0.65,0.6595475460885007,1.209657552120719,1.5006233962592894,1.6061618248316964
2020-04-08 07:00:00,1.3,0.635736924160553,1.3029715693571842,1.4972436186778189,1.6120636954037455
2020-04-09 07:00:00,0.95,1.0139555754479812,1.2701186777832714,1.5023890944626737,1.6447330444125152
2020-04-10 07:00:00,1.0,1.085879602186083,1.551204247487432,1.6654595686988434,1.6387681938230012
2020-04-11 07:00:00,0.7,1.1032572210110252,1.6331291316944165,1.5680853542232922,1.6225102285955268
2020-04-12 07:00:00,0.35,0.9381206973953081,1.2956322750542881,1.4615345991480528,1.6284497025347024
2020-04-13 07:00:00,0.6,0.6522096533562406,1.1467937401689872,1.4505181195884176,1.6289519507583614
2020-04-14 07:00:00,0.8,0.6282713181336658,1.1495026200493803,1.4672500846432528,1.628340213461277
2020-04-15 07:00:00,1.45,0.7610377822804022,1.3579531384557098,1.5148090628889532,1.6437351333488457
2020-04-16 07:00:00,1.06,1.1843243852832699,1.3748928521328503,1.5719278786777842,1.6378650413330254
2020-04-17 07:00:00,0.76,1.2316405754389599,1.3719253698150364,1.5250691500715972,1.6283384005635524
2020-04-18 07:00:00,0.1,1.0405320445630684,1.2728091385385734,1.7639222292197703,1.6273924501486716
2020-04-19 07:00:00,0.1,0.5707031912882472,1.1295140499236134,1.7734283102636341,1.629905531405958
2020-04-20 07:00:00,0.1,0.3120066164026869,1.1326286150554237,1.4659845764889867,1.6582876462155507
2020-04-21 07:00:00,0.4,0.23205090560080893,1.202971272637154,1.4181460166134072,1.6273706133092196
2020-04-22 07:00:00,1.35,0.377637642501802,1.4338935283538028,1.4743265658886986,1.6214782858482149
2020-04-23 07:00:00,0.7,0.955479797098159,1.43715116543389,1.6449405190263604,1.6200280955901458
2020-04-24 07:00:00,1.0,0.9748512117765641,1.3243067795206296,1.5951975695425602,1.61897497078345
2020-04-25 07:00:00,0.27,1.0490495983547683,1.0787014002337532,1.5798435897133467,1.6399535328906054
2020-04-26 07:00:00,1.55,0.7084606125086385,0.9683562162697494,1.5131123097953003,1.6246401564734116
2020-04-27 07:00:00,1.1,1.1279696569710616,0.9311160558337487,1.4209365403723788,1.6144422945060581
2020-04-28 07:00:00,0.85,1.2127219671529865,0.9975153736963118,1.4544572035326968,1.613444593308923
2020-04-29 07:00:00,0.5,1.0837250259494062,1.2957798041157431,1.5140588224646117,1.6139290415218364
2020-04-30 07:00:00,0.4,0.8043838682532599,1.2707930555778082,1.6875705580609088,1.61904103206205
2020-05-01 07:00:00,1.1,0.5955245411063164,1.3177369623389068,1.6306444608950867,1.6258354663103047
2020-05-02 07:00:00,1.7,0.8644683557778612,1.1338763302719272,1.5296095090214568,1.6194644304394714
2020-05-03 07:00:00,0.85,1.3750871129143378,1.40442042639984,1.368798323044417,1.6540126235807446
2020-05-04 07:00:00,0.25,1.2318788039634816,1.4390546018565629,1.3369271881353921,1.6491219999896407
2020-05-05 07:00:00,0.9,0.7497318390545298,1.362943662439202,1.336506468905554,1.6151168563129772
2020-05-06 07:00:00,1.1,0.7856967937741289,1.2081018022858618,1.3935840588719521,1.612811964003884
2020-05-07 07:00:00,1.0,0.9853024275290166,1.109727127199055,1.6250232437604935,1.6164396957881926
2020-05-08 07:00:00,1.35,1.067950778216141,1.2658698037368328,1.532360479609283,1.6360530189790325
2020-05-09 07:00:00,1.05,1.2701474733734608,1.5589583026729898,1.5607662399523694,1.6277244985702737
2020-05-10 07:00:00,0.4,1.2246668833987788,1.432184235305805,1.4154657163801811,1.6282650910862488
2020-05-11 07:00:00,0.42,0.8279737973824002,1.1654500185966192,1.6763847602481026,1.6196997098508665
2020-05-12 07:00:00,0.85,0.5957114204679059,1.2158787495370407,1.65208639157056,1.6096395797493959
2020-05-13 07:00:00,0.1,0.7323823360347054,1.3298869755759484,1.5569501225880804,1.6135845549002774
2020-05-14 07:00:00,0.9,0.49049447830376,1.368397923581502,1.457429592399204,1.619156065418002
2020-05-15 07:00:00,1.0,0.722209484530408,1.4828666864364315,1.4200389036366117,1.6408948170773472
2020-05-16 07:00:00,0.55,0.9504863280022923,1.4378921563856308,1.574498634200843,1.6310521124834898
2020-05-17 07:00:00,0.2,0.8381981388823805,1.2157272735923654,1.7802755360899964,1.6219737391219091
2020-05-18 07:00:00,0.2,0.5547008896301334,1.1162319654854869,1.595722630600375,1.6044415724715713
2020-05-19 07:00:00,0.6,0.39232616886431526,1.1979864267486748,1.400744881832578,1.6004379775556337
2020-05-20 07:00:00,0.11,0.5336655575146244,1.0487268220994277,1.513343190499212,1.5982673484561283
2020-05-21 07:00:00,0.9,0.4098695202180664,1.1799282746706576,1.6111918073498206,1.6033655938880746
2020-05-22 07:00:00,1.7,0.7077963480273363,1.2878741673426826,1.597575170020821,1.6310332487054504
2020-05-23 07:00:00,2.13,1.311395155514543,1.2085486065075097,1.672928928124739,1.6162436443561174
2020-05-24 07:00:00,1.3,1.8788647240964385,1.0641273605931145,1.6220513565676753,1.6242698078663431
2020-05-25 07:00:00,0.55,1.7055388544742067,0.9935763782528467,1.4510713809577325,1.6071476137847942
2020-05-26 07:00:00,1.1,1.094642270991559,1.0703655434952402,1.4175606240850243,1.6426227606461212
2020-05-27 07:00:00,1.0,1.0082889833946889,0.9964195072026901,1.5161884178059255,1.6330636267336984
2020-05-28 07:00:00,0.86,1.0036844356726784,1.1566715907020653,1.378716283266138,1.6253937265147043
2020-05-29 07:00:00,0.8,0.9652501751402058,1.4908876397640691,1.5018458419175886,1.6147613804592702
2020-05-30 07:00:00,0.89,0.9160288473104983,1.8278879625838116,1.5758375483934686,1.610007537373932
2020-05-31 07:00:00,1.2,0.9366051086839131,1.692236416992794,1.4805094646745207,1.627724497686768
2020-06-01 07:00:00,0.4,1.1125770762087392,1.3497033064978476,1.3757567780774698,1.6536892664918144
2020-06-02 07:00:00,0.9,0.8154324091170873,1.3507186417057948,1.3577116608860282,1.6264964593590951
2020-06-03 07:00:00,1.05,0.8591000307365253,1.3621170588526081,1.4431972335098242,1.608906284316403
2020-06-04 07:00:00,1.22,1.0012675033025178,1.334205598766457,1.3629299765429228,1.622317936305217
2020-06-05 07:00:00,0.85,1.1773489699304414,1.2950189198844073,1.4993604302237968,1.6306424622077702
2020-06-06 07:00:00,0.87,1.0769358450135593,1.294774338533586,1.7549746974056273,1.6289563615801053
2020-06-07 07:00:00,1.3,0.9933270017915824,1.3931117387831573,1.9563307781770274,1.6409352107131856
2020-06-08 07:00:00,1.35,1.1713269587264958,1.2145042741043595,1.7385863953209433,1.6321855348295469
2020-06-09 07:00:00,1.25,1.32111298820332,1.252823706455435,1.489990569082758,1.6135243325912356
2020-06-10 07:00:00,0.9,1.341261938929272,1.3300600096271251,1.5853394429436551,1.6109718815819374
2020-06-11 07:00:00,1.0,1.1441545443549963,1.4258663180628115,1.6056637528136342,1.6208301410431003
2020-06-12 07:00:00,0.95,1.0647779755756361,1.3582733520019699,1.559865969771443,1.6027185740239354
2020-06-13 07:00:00,0.95,1.0187908405834631,1.3178073112982691,1.5290357135212453,1.6188107473652193
2020-06-14 07:00:00,0.84,1.009195232640225,1.4277961809696464,1.547792806479133,1.6246897597368957
2020-06-15 07:00:00,0.9,0.9586855601260229,1.5161602485783607,1.6319436850468956,1.6132003990589998
2020-06-16 07:00:00,0.55,0.9599862441012139,1.5223713769962357,1.460464780606072,1.6036193067609048
2020-06-17 07:00:00,0.35,0.7924265714173427,1.4048224956433593,1.5229494819750486,1.601292872104383
2020-06-18 07:00:00,0.35,0.5906557515528186,1.3706478490750897,1.5929676019682157,1.6094563806597606
2020-06-19 07:00:00,0.6,0.49379894630695975,1.350652224551044,1.6489974056479302,1.5993912866365763
2020-06-20 07:00:00,0.79,0.5913018969782537,1.346787217592458,1.56409998147423,1.6164699440425274
2020-06-21 07:00:00,1.1,0.7656183984853334,1.3118324497050484,1.5441094601834011,1.64830246057027
2020-06-22 07:00:00,0.9,1.0181640460090713,1.3095899136073625,1.655733915938522,1.6751487947773598
2020-06-23 07:00:00,0.95,1.0481142385069693,1.2091771592402285,1.7021933057611913,1.6435336286224898
2020-06-24 07:00:00,0.9,1.0478069444670917,1.1040789306149326,1.6765250227177173,1.6208477964590007
2020-06-25 07:00:00,1.85,1.0098287647531186,1.0556783917057253,1.5780878954847295,1.6335975681670465
2020-06-26 07:00:00,1.4,1.4718570578599661,1.1051660634177336,1.5824937102964134,1.632103939456364
2020-06-27 07:00:00,1.55,1.537422644686854,1.1892950561533893,1.5796278015205127,1.6270123580150113
2020-06-28 07:00:00,1.95,1.584297525941653,1.321847583725699,1.5757190494685196,1.6237325226911294
2020-06-29 07:00:00,1.88,1.799818672473156,1.325760386186556,1.5467806344517152,1.6247737714587684
2020-06-30 07:00:00,2.0,1.88634465025374,1.3311997290661717,1.5533838117591146,1.6345762843668166
2020-07-01 07:00:00,2.36,1.9676314609390428,1.3186144303265026,1.4762636071646613,1.6131139304829385
2020-07-02 07:00:00,2.36,2.1901460479958548,1.6122596061603285,1.411396197400546,1.6229393621249364
2020-07-03 07:00:00,2.0,2.316726782933447,1.6316527280443707,1.399269740344098,1.629046186528148
2020-07-04 07:00:00,1.3,2.1547505305322057,1.6663909072986776,1.4522801083635095,1.6356244267123095
2020-07-05 07:00:00,0.88,1.6453498722286055,1.814545547106426,1.509007164386541,1.625430096646695
2020-07-06 07:00:00,1.13,1.133315855489837,1.8703334051538922,1.593823078338099,1.6249535493879441
2020-07-07 07:00:00,1.45,1.0415736509104208,1.9334904250111298,1.5657719946651731,1.6386449625205863
2020-07-08 07:00:00,1.3,1.2518057632506647,2.0998942135786747,1.5655046008626872,1.642946319635136
2020-07-09 07:00:00,1.23,1.3363454886921378,2.1774458882982857,1.5586682245175465,1.6405064155630846
2020-07-10 07:00:00,0.8,1.3226646569984895,2.0643006294026756,1.8088220936569819,1.6293295866591953
2020-07-11 07:00:00,0.55,1.0732976768800493,1.741817695287561,1.7552132755243395,1.6308062182268348
2020-07-12 07:00:00,1.19,0.7917726926980466,1.456841505538592,1.7594833835189287,1.6292550254065183
2020-07-13 07:00:00,1.1,0.982379206484593,1.4245490319648146,1.8900294305068306,1.6287466344133348
2020-07-14 07:00:00,1.35,1.107800708736689,1.5394216720593152,1.9081612411256632,1.6249071145270555
2020-07-15 07:00:00,1.2,1.2938395122655035,1.5575081309401544,1.9376130358416606,1.6256470466628414
2020-07-16 07:00:00,1.55,1.308080943194882,1.5283179706268406,2.0652876555751103,1.6155908983378549
2020-07-17 07:00:00,1.2,1.4647825070702896,1.370851642988427,2.101302550951525,1.6085507551612541
2020-07-18 07:00:00,1.87,1.372149888016415,1.2218937488927009,1.9741002084617767,1.6063677676228156
2020-07-19 07:00:00,0.75,1.6375487921510294,1.34585857491674,1.731886312771585,1.6112805026307417
2020-07-20 07:00:00,0.78,1.2321093278871982,1.4020625480470896,1.5815122613307473,1.6169357312462513
2020-07-21 07:00:00,0.85,0.9548210665694099,1.5005531744431138,1.6239909027983979,1.6274288420930572
2020-07-22 07:00:00,0.99,0.8782451292204415,1.4970793533258069,1.7257751084963016,1.6235491223264227
2020-07-23 07:00:00,1.3,0.955602277696243,1.5969336959950522,1.702233184319075,1.6255018060205144
2020-07-24 07:00:00,1.4,1.1837968897218065,1.538020116808948,1.6665177980391703,1.6250293615976894
2020-07-25 07:00:00,1.85,1.3674065038815497,1.725546694043628,1.5538573789007453,1.6610602638668353
2020-07-26 07:00:00,0.9,1.682631410444593,1.4567231584169822,1.4719971084350465,1.6469555529397324
2020-07-27 07:00:00,0.5,1.3452905584513868,1.3200010825644484,1.6082709242786117,1.6534123991465488
2020-07-28 07:00:00,0.8,0.8757231648458803,1.2872999903482416,1.6296480659198906,1.673622142378965
2020-07-29 07:00:00,0.9,0.7844498113502912,1.3285637905364431,1.6851474373978654,1.6724932226141247
2020-07-30 07:00:00,1.73,0.8617200649048561,1.4491941010185396,1.6601791343819443,1.6803008991092967
2020-07-31 07:00:00,0.79,1.361512012717328,1.5448096846244075,1.7464254404197228,1.7042106789652685
2020-08-01 07:00:00,0.79,1.18420379140843,1.7292419518278754,1.678828708825841,1.7053467542850502
2020-08-02 07:00:00,0.7,0.9953959349701197,1.5056567235049036,1.8410227818411673,1.685009316808703
2020-08-03 07:00:00,0.25,0.8428133330641282,1.2583537274641934,1.5850328568513121,1.6536916386143095
2020-08-04 07:00:00,0.4,0.5580193336261919,1.2357046160286616,1.519394327418416,1.6362053836274588
2020-08-05 07:00:00,0.15,0.48957375991159263,1.2778888260830843,1.5404940643824487,1.640390680698578
2020-08-06 07:00:00,0.2,0.37198716446938634,1.5642603864579834,1.5821924164657981,1.65100498961559
2020-08-07 07:00:00,0.3,0.3442085610852484,1.4184062510428919,1.666065074739582,1.6452018481814588
2020-08-08 07:00:00,0.95,0.39072081562898564,1.311357775634349,1.7113187331226603,1.6415241731308734
2020-08-09 07:00:00,0.5,0.745972128623797,1.2392809685084436,1.847867231293157,1.6269136240264643
2020-08-10 07:00:00,0.58,0.7405459121708501,1.0920536480303924,1.6183228984245142,1.617607025761726
2020-08-11 07:00:00,0.85,0.7230588876898079,1.0637511953920402,1.4622614250348591,1.634353568884589
2020-08-12 07:00:00,1.38,0.8385798565805842,0.9945412868875552,1.5108932895029235,1.6334121557627015
2020-08-13 07:00:00,1.4,1.1790294260648855,0.9684028365273504,1.557692911880637,1.6419210756882403
2020-08-14 07:00:00,1.25,1.3884413434956562,0.9867156420680792,1.7769574699679185,1.6381298389143035
2020-08-15 07:00:00,1.08,1.3874743015681745,1.1708742317813534,1.5825703679851697,1.6513186525064736
2020-08-16 07:00:00,1.0,1.2565529971490559,1.1476098619549513,1.519650292859692,1.6404000560238705
2020-08-17 07:00:00,0.15,1.1235652723460892,1.1437448605663265,1.502181961087392,1.6677876111860708
2020-08-18 07:00:00,0.98,0.6324858264056369,1.2145303979081752,1.403109113884381,1.628614502146994
2020-08-19 07:00:00,0.7,0.7733209342951978,1.4150217243623215,1.405932455540023,1.6254980713764349
2020-08-20 07:00:00,1.3,0.7998332736287008,1.5326775084685171,1.3601488736923435,1.6261360537522223
2020-08-21 07:00:00,0.9,1.1097470996718284,1.5310817054382135,1.3556999033754302,1.6294219408544177
2020-08-22 07:00:00,0.88,1.0938143426675297,1.4585898219203466,1.3758742030484983,1.6396923801529009
2020-08-23 07:00:00,0.8,1.0250267074612793,1.3987552545460482,1.522121498290809,1.6449379949013863
2020-08-24 07:00:00,0.3,0.9356989110088393,1.1319945482877236,1.4623094406917172,1.6649622994806366
2020-08-25 07:00:00,0.15,0.6377780278537587,1.2330161758882203,1.452183771169651,1.631823857910307
2020-08-26 07:00:00,0.45,0.40229870205895135,1.227505236728413,1.5182829549161871,1.6180649908226927
2020-08-27 07:00:00,0.55,0.4499210575973309,1.3964551195096682,1.6717512643889156,1.6232127566788832
2020-08-28 07:00:00,0.5,0.5723990894141278,1.3649808899135611,1.7170251858851249,1.6259125389513833
2020-08-29 07:00:00,0.65,0.621324579799461,1.3261714215432836,1.6758683760550042,1.655879848964767
2020-08-30 07:00:00,0.94,0.707953813405299,1.281084650321,1.622193183087194,1.6259243835220514
2020-08-31 07:00:00,0.86,0.895780360331376,1.126543219217922,1.595047006164261,1.6228733112758378
2020-09-01 07:00:00,1.35,0.9578075165732328,1.0099166451413744,1.397724075940528,1.619894372952847
2020-09-02 07:00:00,1.35,1.214608074866627,1.039723520470967,1.529466488770338,1.6074819800067732
2020-09-03 07:00:00,1.7,1.3628720532869982,1.0895770892839984,1.5169155672285903,1.6078393304926841
2020-09-04 07:00:00,1.85,1.5953537002743574,1.1032164280382022,1.6436586874808168,1.601074707688477
2020-09-05 07:00:00,2.1,1.7895648766798875,1.144595113490376,1.5799721005764125,1.5993852244236144
2020-09-06 07:00:00,1.65,2.002547418094779,1.2452571873826583,1.5496018334625117,1.6008144903531984
2020-09-07 07:00:00,1.35,1.8569580936290384,1.2768440044115255,1.5309064601953781,1.617596564923361
2020-09-08 07:00:00,1.1,1.5607537553644102,1.4349181996291063,1.4163989286150813,1.6089861182034948
2020-09-09 07:00:00,0.5,1.263573974723488,1.518936436584406,1.3567392961927984,1.610495088867538
2020-09-10 07:00:00,1.09,0.824422009551495,1.667709497075145,1.4080028179828508,1.6185688584534574
2020-09-11 07:00:00,1.65,0.9154632671301628,1.7946235300989077,1.4466443740888597,1.6377694387514772
2020-09-12 07:00:00,1.4,1.337152302838126,1.9415998143611284,1.4398568506711908,1.6425608031297625
2020-09-13 07:00:00,1.25,1.4719991712665443,1.8412153692833326,1.4674902790019373,1.639464099647999
2020-09-14 07:00:00,1.15,1.4093923740787095,1.6730950949983654,1.5445563732427576,1.634343036814087
2020-09-15 07:00:00,1.1,1.2841215226809854,1.5126247299509283,1.5468086245258712,1.6317608471710867
2020-09-16 07:00:00,1.0,1.185378647738621,1.2697320390966402,1.6635164736297254,1.6084906021617549
2020-09-17 07:00:00,1.57,1.0931420814273165,1.3338554149118187,1.7003062281021326,1.6251577026231707
2020-09-18 07:00:00,1.15,1.3522333455148527,1.5661360485755877,1.7998358880676562,1.6191156401582576
2020-09-19 07:00:00,0.8,1.315341594225501,1.609046052173879,1.8726107136157701,1.636231246556394
2020-09-20 07:00:00,1.5,1.0721304656290152,1.5581844384126124,1.9651770317687252,1.6260676106290464
2020-09-21 07:00:00,1.1,1.2792145527272882,1.4884541462169403,1.844559954043693,1.624606909798864
2020-09-22 07:00:00,1.5,1.2414858059691978,1.4414845451711984,1.7233632300077315,1.6222592082889562
2020-09-23 07:00:00,0.95,1.3993452518325462,1.4000061879465526,1.6407903082120512,1.6090169121894426
2020-09-24 07:00:00,0.75,1.2137351700342298,1.561886913015355,1.4832032150269467,1.6023112004549331
2020-09-25 07:00:00,0.95,0.9735438446792689,1.515277351122433,1.5837269872521564,1.6069228649764833
2020-09-26 07:00:00,0.6,0.9498163646476123,1.36911032354484,1.7712416487026004,1.6093019770177013
2020-09-27 07:00:00,1.0,0.8004567653837553,1.5092515401167481,1.7419952842593212,1.608284402085426
2020-09-28 07:00:00,1.0,0.9238005316781689,1.4727255934527674,1.6756669456748063,1.6119728780007256
2020-09-29 07:00:00,0.9,1.0219591614632602,1.573844457408303,1.6406043348030055,1.62100389706507
2020-09-30 07:00:00,1.0,1.0197447083239337,1.4526022578709714,1.6276202090156597,1.6210005784419959
2020-10-01 07:00:00,0.6,1.0490038520284022,1.3174888659232968,1.5995547119782363,1.6379448563220933
2020-10-02 07:00:00,0.83,0.8625547285471696,1.316887742841651,1.740402123682044,1.6414011073745551
2020-10-03 07:00:00,2.1,0.8595347100313915,1.2306952176249417,1.6680855944205908,1.657291496906519
2020-10-04 07:00:00,1.9,1.5334558881477947,1.299111899429612,1.5489359378817023,1.6675373047321502
2020-10-05 07:00:00,1.1,1.8669375380431692,1.3442056576619836,1.7031752973984802,1.6832320226924922
2020-10-06 07:00:00,1.0,1.550831119430042,1.3300198304007462,1.6523759293419134,1.6632594848364701
2020-10-07 07:00:00,1.0,1.223892703710938,1.348676514361855,1.7283372589758028,1.651227895041712
2020-10-08 07:00:00,1.35,1.0609024539702954,1.241988535072829,1.6081627974827553,1.6410220074763258
2020-10-09 07:00:00,1.47,1.2006912539336405,1.2500436978486804,1.5256280876054298,1.6210708455902385
2020-10-10 07:00:00,0.8,1.3880768398626226,1.6637711698351907,1.5618114145014206,1.6335527358359272
2020-10-11 07:00:00,1.1,1.1454655979273916,1.8406749738106345,1.493938397479954,1.655443959162159
2020-10-12 07:00:00,0.5,1.1121511896075986,1.6183857632817364,1.5632056484456678,1.6470703664625244
2020-10-13 07:00:00,0.5,0.8171661820216933,1.450573619932705,1.5872710764022695,1.6416786468455777
2020-10-14 07:00:00,0.9,0.6502395962264373,1.3814733343206351,1.5634711071616967,1.6380681304825597
2020-10-15 07:00:00,0.9,0.7948001055203585,1.4801902047133475,1.5796114813067648,1.635984766364564
2020-10-16 07:00:00,1.0,0.9186227921745554,1.5862539626181131,1.492645004875781,1.6326706509784836
2020-10-17 07:00:00,1.2,1.0295785298798774,1.4123038109695432,1.5215397135716606,1.652456445752995
2020-10-18 07:00:00,0.4,1.1763621753808768,1.4002771594114845,1.8755136744512562,1.638603986825092
2020-10-19 07:00:00,0.95,0.8439899949286157,1.2313671011009777,1.9241785539447278,1.6264401465987501
2020-10-20 07:00:00,1.35,0.8871311735367177,1.1506340740452983,1.6686053226905673,1.6482289851397587
2020-10-21 07:00:00,1.8,1.1647517284221733,1.2332422756740966,1.587235827095967,1.6362606962695034
2020-10-22 07:00:00,2.0,1.5756388079562842,1.2849934172164288,1.5941375016936212,1.6497980183006071
2020-10-23 07:00:00,1.3,1.8979041922518003,1.3345998379621267,1.6884003634900997,1.6323617030539739
2020-10-24 07:00:00,1.05,1.6578869648757273,1.417876629970343,1.7401640449091813,1.6240840310819398
2020-10-25 07:00:00,0.8,1.308943599742004,1.2166883927813252,1.5694219312954139,1.6282832068414075
2020-10-26 07:00:00,0.9,0.9886093692930663,1.2660760557201312,1.5983407261604852,1.6183169056080513
2020-10-27 07:00:00,1.1,0.9101986443856732,1.4303639479922368,1.4790550821895012,1.6273046036238539
2020-10-28 07:00:00,1.1,1.025591726357073,1.6705742582951402,1.4442839144667547,1.6285287509745128
2020-10-29 07:00:00,0.8,1.1192205791454015,1.8634041560261008,1.5315318166009197,1.6253702711980456
2020-10-30 07:00:00,1.05,1.009504552340004,1.691589980609024,1.5576831600093548,1.6283184792052294
2020-10-31 07:00:00,1.3,1.0488686640931921,1.4993231116577883,1.5798753804346597,1.6173806246330196
2020-11-01 07:00:00,0.7,1.2163301094862393,1.3455384954024419,1.634572859232403,1.6217704098035133
2020-11-02 07:00:00,0.45,1.0113294130022596,1.317286394019128,1.458956600850129,1.6727708492282198
2020-11-03 07:00:00,0.6,0.732977411934406,1.3787461151889862,1.5354006439414858,1.6684943172630906
2020-11-04 07:00:00,0.6,0.6643843503164466,1.413167491460202,1.673915399288823,1.6386758982619891
2020-11-05 07:00:00,0.0,0.6693560636480216,1.330373967839823,1.8326912706721747,1.6340247585263337
2020-11-06 07:00:00,0.0,0.39488481686367577,1.3575372025012065,1.925914042183034,1.6329804609061787
2020-11-07 07:00:00,0.7,0.2314569483733239,1.4556142121693023,1.7307159124271865,1.6444770001912563
2020-11-08 07:00:00,0.8,0.5101898915539272,1.3263608034689003,1.617549200660395,1.6504976071926705
2020-11-09 07:00:00,0.45,0.7610660537959818,1.1802633365252686,1.547202167471159,1.6277743014106865
2020-11-10 07:00:00,0.7,0.7101829793369755,1.1527926873239196,1.5593507015135024,1.6339012897225857
2020-11-11 07:00:00,0.8,0.7597973484006497,1.1514144727348108,1.611889984176572,1.616925056116672
2020-11-12 07:00:00,1.2,0.8402502590775697,0.9974716638583013,1.6217969443461502,1.6135775385355433
2020-11-13 07:00:00,0.9,1.0833299471540936,0.9162509047917432,1.5456175679032271,1.6230933802868295
2020-11-14 07:00:00,1.2,1.071630929672318,1.0573625821190635,1.5859944549858191,1.6239216647893688
2020-11-15 07:00:00,1.2,1.1792000607866338,1.1751492874659852,1.669137235616919,1.6269418517764673
2020-11-16 07:00:00,1.2,1.240121840440952,1.1343541912495447,1.536858531164782,1.6345163300003427
2020-11-17 07:00:00,1.0,1.2594756057198546,1.1670080068268356,1.4402929174971661,1.612647298311784
2020-11-18 07:00:00,1.85,1.157258945847993,1.2129912960087579,1.459435177429792,1.6244670933336105
2020-11-19 07:00:00,1.65,1.5273747098565549,1.35883445156504,1.4710070540860556,1.6399557237734825
2020-11-20 07:00:00,1.4,1.673287676039985,1.3479586287871645,1.3427369643596052,1.6608453093794282
2020-11-21 07:00:00,1.2,1.575086598508426,1.4174687556432957,1.3071423160485494,1.6743899713392145
2020-11-22 07:00:00,1.0,1.3745163027515963,1.4535840500807202,1.4480047413125898,1.6465149562101817
2020-11-23 07:00:00,0.0,1.1556954435638898,1.4714046638595824,1.5156628173904663,1.6369139487270015
2020-11-24 07:00:00,0.0,0.5497524486540737,1.4151404371257197,1.442617973771329,1.6282291301186862
2020-11-25 07:00:00,0.2,0.2265553554928321,1.6574275511874017,1.4740518090064643,1.628932867109039
2020-11-26 07:00:00,1.0,0.22974487762011087,1.7294832149917858,1.515922808125156,1.634277801797916
2020-11-27 07:00:00,1.25,0.6816028924527149,1.664404058699227,1.6226623072949784,1.6341005815908265
2020-11-28 07:00:00,1.0,1.0986591280644302,1.5511591535073694,1.5744479725939535,1.6242858758727794
2020-11-29 07:00:00,0.65,1.1711858664119699,1.4346940732203002,1.628311629462341,1.6303732119086194
2020-11-30 07:00:00,0.85,0.9646918998599101,1.1012416598577404,1.6512196228416718,1.6397145829247735
2020-12-01 07:00:00,1.0,0.9100675515286969,0.952661137617455,1.6536563943941396,1.622249801082509
2020-12-02 07:00:00,0.8,0.9819586182054302,0.9449625229987476,1.6018212410716868,1.6133448221044226
2020-12-03 07:00:00,0.85,0.940550251806934,1.1653489533297534,1.8178668259812845,1.6147840089711856
2020-12-04 07:00:00,1.2,0.9330491970914021,1.3685945668746022,1.829202351116992,1.614107524886951
2020-12-05 07:00:00,1.65,1.1091609133829008,1.3850336372877636,1.7381647323435057,1.5992723578154668
2020-12-06 07:00:00,1.0,1.4518884086771873,1.265588088328824,1.6640172439178924,1.59533099781051
2020-12-07 07:00:00,0.8,1.3044133344478521,1.2616417767622894,1.6052508305412705,1.6096413836398151
2020-12-08 07:00:00,0.8,1.0514866741422122,1.3171169703422159,1.3683869376145064,1.6153393975429966
2020-12-09 07:00:00,0.1,0.9077047136769086,1.2944243647984315,1.3132174502115925,1.6078889989665732
2020-12-10 07:00:00,0.2,0.5113062612935557,1.2896053998292167,1.3508584987778949,1.613540215055502
2020-12-11 07:00:00,0.3,0.35064211440424486,1.3895940977391874,1.5325007854397366,1.617641854875975
2020-12-12 07:00:00,0.35,0.3655161045530235,1.5907526499864475,1.6447579731203872,1.6314510497984793
2020-12-13 07:00:00,0.4,0.4329004267444572,1.4847712996442801,1.5977080526016727,1.6251457207282407
2020-12-14 07:00:00,0.95,0.49905428725752415,1.348933914053514,1.4976169838569475,1.6345169080901643
2020-12-15 07:00:00,0.4,0.8016380947084049,1.2834041399801297,1.5266695590337107,1.6364463110643712
2020-12-16 07:00:00,1.35,0.70800512805953,1.0707058026560716,1.580390669219832,1.6375423204941681
2020-12-17 07:00:00,1.0,1.0757939304380764,0.9979386311991918,1.541569799369501,1.631693774061454
2020-12-18 07:00:00,0.85,1.1374709867231312,0.9984797001425707,1.537234393027997,1.664167236903517
2020-12-19 07:00:00,1.15,1.0457722128747127,1.0151927740069973,1.6264676135371015,1.6587886378953418
2020-12-20 07:00:00,0.4,1.121014297989884,1.0384034141092322,1.7752433517502137,1.649714893061392
2020-12-21 07:00:00,1.0,0.7990597970626395,1.197066738817214,1.6316243277194669,1.6423236341404088
2020-12-22 07:00:00,0.7,0.8947183471846031,1.1281198367405991,1.5363274061338292,1.634632878279613
2020-12-23 07:00:00,0.35,0.8475448252462577,1.3519122873731997,1.527518588154835,1.6065901355023338
2020-12-24 07:00:00,0.2,0.6417603497006716,1.3762100364431482,1.3779396803602382,1.6001570808990278
2020-12-25 07:00:00,0.3,0.4449197748854147,1.3281417456047424,1.3569080693818245,1.6008106310023154
2020-12-26 07:00:00,0.6,0.4049749211330629,1.3884606381040712,1.3794259384746401,1.6200506301887205
2020-12-27 07:00:00,0.65,0.5623657499048644,1.205244504173152,1.39492885504262,1.6317347204871697
2020-12-28 07:00:00,0.8,0.6933151768155653,1.2766964553153655,1.4052238543831304,1.626330683743488
2020-12-29 07:00:00,1.0,0.8309728600359155,1.2465229887429938,1.5280457834667849,1.616946830023106
2020-12-30 07:00:00,0.5,0.9924868040126639,1.1255399640459631,1.440708225795607,1.6220077365125734
2020-12-31 07:00:00,0.75,0.8176453958504174,1.0252045916328285,1.6280119798178885,1.6276783704026772
